quote_date,expiration,dte,tau,strike,underlying_price,moneyness,option_type,bid,ask,mid_price,last_price,spread_pct,implied_volatility,iv_source,volume,open_interest,contract_symbol
2026-07-11,2026-07-20,9.0,0.024640657084188913,235.0,315.32000732421875,0.7452746243227376,call,78.95,82.25,80.6,79.0,0.0409429280397022,0.8623060644531251,provided,,0,AAPL260720C00235000
2026-07-11,2026-07-20,9.0,0.024640657084188913,240.0,315.32000732421875,0.7611315312232214,call,73.9,77.35,75.625,74.0,0.04561983471074365,0.8188494677734374,provided,,0,AAPL260720C00240000
2026-07-11,2026-07-20,9.0,0.024640657084188913,265.0,315.32000732421875,0.8404160657256403,call,48.9,52.3,50.599999999999994,50.18,0.06719367588932804,0.5488326367187502,provided,8.0,0,AAPL260720C00265000
2026-07-11,2026-07-20,9.0,0.024640657084188913,270.0,315.32000732421875,0.856272972626124,call,43.85,47.35,45.6,45.2,0.07675438596491228,0.7720970056152343,provided,9.0,1,AAPL260720C00270000
2026-07-11,2026-07-20,9.0,0.024640657084188913,275.0,315.32000732421875,0.8721298795266078,call,39.25,42.3,40.775,39.95,0.07480073574494168,0.6989776196289064,provided,4.0,2,AAPL260720C00275000
2026-07-11,2026-07-20,9.0,0.024640657084188913,280.0,315.32000732421875,0.8879867864270916,call,33.9,36.4,35.15,31.17,0.07112375533428165,0.5329636547851562,provided,426.0,27,AAPL260720C00280000
2026-07-11,2026-07-20,9.0,0.024640657084188913,282.5,315.32000732421875,0.8959152398773335,call,31.45,34.85,33.15,31.51,0.10256410256410263,0.6022988989257814,provided,20.0,46,AAPL260720C00282500
2026-07-11,2026-07-20,9.0,0.024640657084188913,285.0,315.32000732421875,0.9038436933275754,call,29.1,32.4,30.75,29.07,0.10731707317073161,0.5725140405273439,provided,20.0,38,AAPL260720C00285000
2026-07-11,2026-07-20,9.0,0.024640657084188913,287.5,315.32000732421875,0.9117721467778173,call,26.7,29.95,28.325,26.31,0.1147396293027361,0.5423629748535157,provided,206.0,13,AAPL260720C00287500
2026-07-11,2026-07-20,9.0,0.024640657084188913,290.0,315.32000732421875,0.9197006002280592,call,24.35,27.45,25.9,26.46,0.11969111969111962,0.5075732836914062,provided,207.0,19,AAPL260720C00290000
2026-07-11,2026-07-20,9.0,0.024640657084188913,292.5,315.32000732421875,0.9276290536783011,call,21.8,25.05,23.425,21.85,0.13874066168623264,0.4802298071289062,provided,144.0,13,AAPL260720C00292500
2026-07-11,2026-07-20,9.0,0.024640657084188913,295.0,315.32000732421875,0.9355575071285429,call,19.5,22.6,21.05,22.12,0.14726840855106896,0.44812563598632804,provided,149.0,12,AAPL260720C00295000
2026-07-11,2026-07-20,9.0,0.024640657084188913,297.5,315.32000732421875,0.9434859605787849,call,17.05,20.25,18.65,17.69,0.1715817694369973,0.4222469885253906,provided,1.0,9,AAPL260720C00297500
2026-07-11,2026-07-20,9.0,0.024640657084188913,300.0,315.32000732421875,0.9514144140290267,call,14.75,17.9,16.325,15.02,0.19295558958652365,0.3947814428710938,provided,2.0,31,AAPL260720C00300000
2026-07-11,2026-07-20,9.0,0.024640657084188913,302.5,315.32000732421875,0.9593428674792687,call,12.6,15.65,14.125,12.76,0.21592920353982306,0.3714662463378906,provided,13.0,19,AAPL260720C00302500
2026-07-11,2026-07-20,9.0,0.024640657084188913,305.0,315.32000732421875,0.9672713209295105,call,10.45,13.15,11.8,11.0,0.22881355932203398,0.3309393078613281,provided,11.0,47,AAPL260720C00305000
2026-07-11,2026-07-20,9.0,0.024640657084188913,307.5,315.32000732421875,0.9751997743797524,call,8.9,10.75,9.825,10.9,0.18829516539440203,0.29444064941406245,provided,13.0,29,AAPL260720C00307500
2026-07-11,2026-07-20,9.0,0.024640657084188913,310.0,315.32000732421875,0.9831282278299943,call,7.55,9.0,8.275,7.75,0.17522658610271905,0.288947540283203,provided,168.0,172,AAPL260720C00310000
2026-07-11,2026-07-20,9.0,0.024640657084188913,312.5,315.32000732421875,0.9910566812802362,call,5.8,7.2,6.5,6.2,0.21538461538461545,0.2739330419921875,provided,137.0,130,AAPL260720C00312500
2026-07-11,2026-07-20,9.0,0.024640657084188913,315.0,315.32000732421875,0.9989851347304781,call,4.5,5.8,5.15,4.5,0.25242718446601936,0.27094234924316407,provided,394.0,444,AAPL260720C00315000
2026-07-11,2026-07-20,9.0,0.024640657084188913,317.5,315.32000732421875,1.0069135881807199,call,3.3,3.7,3.5,3.45,0.1142857142857144,0.22541057800292968,provided,148.0,167,AAPL260720C00317500
2026-07-11,2026-07-20,9.0,0.024640657084188913,320.0,315.32000732421875,1.0148420416309618,call,2.42,2.86,2.6399999999999997,2.51,0.16666666666666666,0.2309647216796875,provided,970.0,389,AAPL260720C00320000
2026-07-11,2026-07-20,9.0,0.024640657084188913,322.5,315.32000732421875,1.0227704950812038,call,1.68,2.19,1.935,1.88,0.26356589147286824,0.23639679626464843,provided,93.0,107,AAPL260720C00322500
2026-07-11,2026-07-20,9.0,0.024640657084188913,325.0,315.32000732421875,1.0306989485314457,call,1.13,1.51,1.3199999999999998,1.13,0.287878787878788,0.23194127441406248,provided,175.0,104,AAPL260720C00325000
2026-07-11,2026-07-20,9.0,0.024640657084188913,355.0,315.32000732421875,1.1258403899343483,call,0.0,0.43,0.11,0.11,,0.42188078125,provided,2.0,3,AAPL260720C00355000
2026-07-11,2026-07-20,9.0,0.024640657084188913,360.0,315.32000732421875,1.141697296834832,call,0.0,0.53,0.13,0.13,,0.4802298071289062,provided,1.0,1,AAPL260720C00360000
2026-07-11,2026-07-22,11.0,0.030116358658453114,250.0,315.32000732421875,0.7928453450241889,call,63.9,67.4,65.65,62.9,0.05331302361005342,0.65820654296875,provided,1.0,1,AAPL260722C00250000
2026-07-11,2026-07-22,11.0,0.030116358658453114,275.0,315.32000732421875,0.8721298795266078,call,39.25,42.4,40.825,40.75,0.07715860379669316,0.647464462890625,provided,1.0,1,AAPL260722C00275000
2026-07-11,2026-07-22,11.0,0.030116358658453114,285.0,315.32000732421875,0.9038436933275754,call,29.25,32.5,30.875,29.28,0.10526315789473684,0.5307664111328125,provided,114.0,5,AAPL260722C00285000
2026-07-11,2026-07-22,11.0,0.030116358658453114,290.0,315.32000732421875,0.9197006002280592,call,24.35,27.65,26.0,23.25,0.1269230769230768,0.47803256347656253,provided,4.0,12,AAPL260722C00290000
2026-07-11,2026-07-22,11.0,0.030116358658453114,300.0,315.32000732421875,0.9514144140290267,call,15.25,18.0,16.625,14.55,0.16541353383458646,0.3663393444824219,provided,1.0,7,AAPL260722C00300000
2026-07-11,2026-07-22,11.0,0.030116358658453114,305.0,315.32000732421875,0.9672713209295105,call,10.95,14.05,12.5,12.7,0.2480000000000001,0.3491276025390625,provided,19.0,15,AAPL260722C00305000
2026-07-11,2026-07-22,11.0,0.030116358658453114,310.0,315.32000732421875,0.9831282278299943,call,7.9,9.0,8.45,9.25,0.13017751479289938,0.26380130737304686,provided,41.0,78,AAPL260722C00310000
2026-07-11,2026-07-22,11.0,0.030116358658453114,315.0,315.32000732421875,0.9989851347304781,call,5.2,6.0,5.6,5.4,0.14285714285714282,0.2561109545898438,provided,89.0,179,AAPL260722C00315000
2026-07-11,2026-07-22,11.0,0.030116358658453114,320.0,315.32000732421875,1.0148420416309618,call,2.99,3.7,3.345,3.58,0.2122571001494768,0.24976336181640624,provided,60.0,401,AAPL260722C00320000
2026-07-11,2026-07-22,11.0,0.030116358658453114,325.0,315.32000732421875,1.0306989485314457,call,1.51,2.03,1.77,1.82,0.2937853107344632,0.241218525390625,provided,147.0,176,AAPL260722C00325000
2026-07-11,2026-07-22,11.0,0.030116358658453114,360.0,315.32000732421875,1.141697296834832,call,0.0,0.77,0.06,0.06,,0.4738822143554688,provided,30.0,30,AAPL260722C00360000
2026-07-11,2026-07-22,11.0,0.030116358658453114,385.0,315.32000732421875,1.220981831337251,call,0.0,0.77,0.01,0.01,,0.5747112841796875,provided,10.0,10,AAPL260722C00385000
2026-07-11,2026-07-24,13.0,0.03559206023271732,225.0,315.32000732421875,0.71356081052177,call,89.05,92.5,90.775,86.4,0.038006058936932006,0.8862316064453124,provided,1.0,8,AAPL260724C00225000
2026-07-11,2026-07-24,13.0,0.03559206023271732,230.0,315.32000732421875,0.7294177174222538,call,84.15,87.25,85.7,48.83,0.036172695449241475,0.8125018749999999,provided,210.0,17,AAPL260724C00230000
2026-07-11,2026-07-24,13.0,0.03559206023271732,235.0,315.32000732421875,0.7452746243227376,call,79.25,82.25,80.75,81.97,0.03715170278637771,0.7797873583984375,provided,1.0,37,AAPL260724C00235000
2026-07-11,2026-07-24,13.0,0.03559206023271732,240.0,315.32000732421875,0.7611315312232214,call,74.15,77.25,75.7,74.82,0.040951122853368487,0.71679970703125,provided,1.0,19,AAPL260724C00240000
2026-07-11,2026-07-24,13.0,0.03559206023271732,245.0,315.32000732421875,0.7769884381237052,call,69.1,72.25,70.675,63.32,0.04457021577644154,0.6626010302734376,provided,3.0,58,AAPL260724C00245000
2026-07-11,2026-07-24,13.0,0.03559206023271732,250.0,315.32000732421875,0.7928453450241889,call,64.35,67.3,65.82499999999999,63.87,0.044815799468287176,0.6557651611328126,provided,56.0,76,AAPL260724C00250000
2026-07-11,2026-07-24,13.0,0.03559206023271732,255.0,315.32000732421875,0.8087022519246727,call,59.15,62.3,60.724999999999994,60.32,0.05187319884726223,0.584965087890625,provided,2.0,148,AAPL260724C00255000
2026-07-11,2026-07-24,13.0,0.03559206023271732,260.0,315.32000732421875,0.8245591588251565,call,54.3,57.35,55.825,54.95,0.054635020152261606,0.561527822265625,provided,1.0,283,AAPL260724C00260000
2026-07-11,2026-07-24,13.0,0.03559206023271732,265.0,315.32000732421875,0.8404160657256403,call,49.3,52.35,50.825,49.58,0.060009837678307996,0.5151415673828125,provided,4.0,132,AAPL260724C00265000
2026-07-11,2026-07-24,13.0,0.03559206023271732,270.0,315.32000732421875,0.856272972626124,call,44.3,47.4,45.849999999999994,47.1,0.0676117775354417,0.6571079211425781,provided,11.0,380,AAPL260724C00270000
2026-07-11,2026-07-24,13.0,0.03559206023271732,275.0,315.32000732421875,0.8721298795266078,call,39.65,42.45,41.05,41.0,0.06820950060901351,0.603763728027344,provided,10.0,434,AAPL260724C00275000
2026-07-11,2026-07-24,13.0,0.03559206023271732,280.0,315.32000732421875,0.8879867864270916,call,34.45,36.35,35.400000000000006,36.6,0.05367231638418074,0.44507390869140623,provided,20.0,688,AAPL260724C00280000
2026-07-11,2026-07-24,13.0,0.03559206023271732,282.5,315.32000732421875,0.8959152398773335,call,32.05,35.05,33.55,34.69,0.08941877794336811,0.524418818359375,provided,13.0,16,AAPL260724C00282500
2026-07-11,2026-07-24,13.0,0.03559206023271732,285.0,315.32000732421875,0.9038436933275754,call,29.75,32.5,31.125,32.0,0.08835341365461848,0.49133809448242194,provided,76.0,834,AAPL260724C00285000
2026-07-11,2026-07-24,13.0,0.03559206023271732,287.5,315.32000732421875,0.9117721467778173,call,27.35,30.2,28.775,28.22,0.09904430929626405,0.4760794580078125,provided,2.0,29,AAPL260724C00287500
2026-07-11,2026-07-24,13.0,0.03559206023271732,290.0,315.32000732421875,0.9197006002280592,call,24.9,26.65,25.775,27.67,0.06789524733268672,0.36865865722656255,provided,89.0,1871,AAPL260724C00290000
2026-07-11,2026-07-24,13.0,0.03559206023271732,292.5,315.32000732421875,0.9276290536783011,call,22.3,25.4,23.85,25.08,0.1299790356394129,0.4283504431152344,provided,176.0,15,AAPL260724C00292500
2026-07-11,2026-07-24,13.0,0.03559206023271732,295.0,315.32000732421875,0.9355575071285429,call,20.15,21.75,20.95,23.25,0.0763723150357996,0.32141791870117187,provided,52.0,1612,AAPL260724C00295000
2026-07-11,2026-07-24,13.0,0.03559206023271732,297.5,315.32000732421875,0.9434859605787849,call,18.1,19.45,18.775,19.62,0.07190412782956047,0.30689169677734374,provided,59.0,14,AAPL260724C00297500
2026-07-11,2026-07-24,13.0,0.03559206023271732,300.0,315.32000732421875,0.9514144140290267,call,16.4,17.1,16.75,18.27,0.04179104477611957,0.2868723657226562,provided,97.0,2315,AAPL260724C00300000
2026-07-11,2026-07-24,13.0,0.03559206023271732,302.5,315.32000732421875,0.9593428674792687,call,14.25,15.45,14.85,14.67,0.08080808080808076,0.3034737622070312,provided,120.0,155,AAPL260724C00302500
2026-07-11,2026-07-24,13.0,0.03559206023271732,305.0,315.32000732421875,0.9672713209295105,call,12.2,13.15,12.675,13.26,0.0749506903353058,0.27967028930664056,provided,99.0,4041,AAPL260724C00305000
2026-07-11,2026-07-24,13.0,0.03559206023271732,307.5,315.32000732421875,0.9751997743797524,call,10.4,11.1,10.75,11.54,0.06511627906976737,0.26508303283691403,provided,46.0,117,AAPL260724C00307500
2026-07-11,2026-07-24,13.0,0.03559206023271732,310.0,315.32000732421875,0.9831282278299943,call,8.9,9.3,9.100000000000001,8.97,0.04395604395604399,0.25727061096191406,provided,608.0,4521,AAPL260724C00310000
2026-07-11,2026-07-24,13.0,0.03559206023271732,312.5,315.32000732421875,0.9910566812802362,call,7.25,7.65,7.45,7.55,0.05369127516778528,0.25025163818359375,provided,705.0,431,AAPL260724C00312500
2026-07-11,2026-07-24,13.0,0.03559206023271732,315.0,315.32000732421875,0.9989851347304781,call,5.95,6.2,6.075,6.03,0.0411522633744856,0.2452468054199219,provided,2615.0,6267,AAPL260724C00315000
2026-07-11,2026-07-24,13.0,0.03559206023271732,317.5,315.32000732421875,1.0069135881807199,call,4.65,4.9,4.775,4.7,0.05235602094240837,0.23975369628906246,provided,784.0,359,AAPL260724C00317500
2026-07-11,2026-07-24,13.0,0.03559206023271732,320.0,315.32000732421875,1.0148420416309618,call,3.65,3.85,3.75,3.75,0.05333333333333338,0.2375564526367187,provided,4203.0,8787,AAPL260724C00320000
2026-07-11,2026-07-24,13.0,0.03559206023271732,322.5,315.32000732421875,1.0227704950812038,call,2.75,2.95,2.85,2.85,0.0701754385964913,0.2348709326171875,provided,443.0,319,AAPL260724C00322500
2026-07-11,2026-07-24,13.0,0.03559206023271732,325.0,315.32000732421875,1.0306989485314457,call,2.08,2.37,2.225,2.13,0.1303370786516854,0.24030300720214842,provided,775.0,3864,AAPL260724C00325000
2026-07-11,2026-07-24,13.0,0.03559206023271732,327.5,315.32000732421875,1.0386274019816875,call,1.56,1.8,1.6800000000000002,1.49,0.14285714285714285,0.24024197265624997,provided,1697.0,2009,AAPL260724C00327500
2026-07-11,2026-07-24,13.0,0.03559206023271732,330.0,315.32000732421875,1.0465558554319294,call,1.13,1.21,1.17,1.2,0.06837606837606844,0.231452998046875,provided,1822.0,10123,AAPL260724C00330000
2026-07-11,2026-07-24,13.0,0.03559206023271732,335.0,315.32000732421875,1.062412762332413,call,0.58,0.67,0.625,0.62,0.14400000000000013,0.23609162353515623,provided,381.0,1837,AAPL260724C00335000
2026-07-11,2026-07-24,13.0,0.03559206023271732,340.0,315.32000732421875,1.078269669232897,call,0.29,0.35,0.31999999999999995,0.32,0.18750000000000003,0.23926541992187497,provided,872.0,2594,AAPL260724C00340000
2026-07-11,2026-07-24,13.0,0.03559206023271732,345.0,315.32000732421875,1.0941265761333807,call,0.17,0.24,0.20500000000000002,0.19,0.3414634146341462,0.2561109545898438,provided,18.0,867,AAPL260724C00345000
2026-07-11,2026-07-24,13.0,0.03559206023271732,350.0,315.32000732421875,1.1099834830338646,call,0.09,0.12,0.105,0.12,0.2857142857142857,0.25830819824218754,provided,663.0,2380,AAPL260724C00350000
2026-07-11,2026-07-24,13.0,0.03559206023271732,370.0,315.32000732421875,1.1734111106357996,call,0.0,0.18,0.08,0.08,,0.39258419921875,provided,2.0,23,AAPL260724C00370000
2026-07-11,2026-07-24,13.0,0.03559206023271732,380.0,315.32000732421875,1.2051249244367672,call,0.0,0.1,0.03,0.03,,0.41309180664062495,provided,9.0,69,AAPL260724C00380000
2026-07-11,2026-07-24,13.0,0.03559206023271732,385.0,315.32000732421875,1.220981831337251,call,0.0,0.05,0.03,0.03,,0.4023497265625,provided,2.0,6,AAPL260724C00385000
2026-07-11,2026-07-24,13.0,0.03559206023271732,390.0,315.32000732421875,1.2368387382377348,call,0.0,0.17,0.06,0.06,,0.495122236328125,provided,2.0,7,AAPL260724C00390000
2026-07-11,2026-07-24,13.0,0.03559206023271732,395.0,315.32000732421875,1.2526956451382185,call,0.0,0.15,0.02,0.02,,0.5117236328125,provided,19.0,14,AAPL260724C00395000
2026-07-11,2026-07-24,13.0,0.03559206023271732,400.0,315.32000732421875,1.2685525520387022,call,0.0,0.5,0.13,0.13,,0.5751995605468749,provided,1.0,23,AAPL260724C00400000
2026-07-11,2026-07-31,20.0,0.05475701574264202,225.0,315.32000732421875,0.71356081052177,call,89.2,92.9,91.05000000000001,90.0,0.040637012630422874,0.7851583984375,provided,2.0,2,AAPL260731C00225000
2026-07-11,2026-07-31,20.0,0.05475701574264202,230.0,315.32000732421875,0.7294177174222538,call,84.25,87.8,86.025,84.15,0.041267073525138004,0.7368190380859375,provided,90.0,10,AAPL260731C00230000
2026-07-11,2026-07-31,20.0,0.05475701574264202,235.0,315.32000732421875,0.7452746243227376,call,79.3,82.8,81.05,80.41,0.0431832202344232,0.6987334814453126,provided,1.0,42,AAPL260731C00235000
2026-07-11,2026-07-31,20.0,0.05475701574264202,240.0,315.32000732421875,0.7611315312232214,call,74.3,77.8,76.05,74.05,0.04602235371466141,0.6564975756835938,provided,2.0,59,AAPL260731C00240000
2026-07-11,2026-07-31,20.0,0.05475701574264202,245.0,315.32000732421875,0.7769884381237052,call,69.35,72.9,71.125,70.55,0.04991212653778575,0.6267127172851563,provided,2.0,62,AAPL260731C00245000
2026-07-11,2026-07-31,20.0,0.05475701574264202,250.0,315.32000732421875,0.7928453450241889,call,64.2,67.2,65.7,65.15,0.045662100456621,0.5092822509765625,provided,4.0,613,AAPL260731C00250000
2026-07-11,2026-07-31,20.0,0.05475701574264202,255.0,315.32000732421875,0.8087022519246727,call,59.8,62.95,61.375,60.17,0.05132382892057036,0.5759319750976561,provided,4.0,31,AAPL260731C00255000
2026-07-11,2026-07-31,20.0,0.05475701574264202,260.0,315.32000732421875,0.8245591588251565,call,54.9,57.75,56.325,55.8,0.05059920106524636,0.5275926147460939,provided,147.0,127,AAPL260731C00260000
2026-07-11,2026-07-31,20.0,0.05475701574264202,265.0,315.32000732421875,0.8404160657256403,call,49.8,52.85,51.325,50.03,0.05942523136872877,0.6174354663085939,provided,3.0,44,AAPL260731C00265000
2026-07-11,2026-07-31,20.0,0.05475701574264202,270.0,315.32000732421875,0.856272972626124,call,44.9,47.95,46.425,47.3,0.06569736133548744,0.5753216296386718,provided,90.0,108,AAPL260731C00270000
2026-07-11,2026-07-31,20.0,0.05475701574264202,275.0,315.32000732421875,0.8721298795266078,call,40.15,43.1,41.625,42.69,0.07087087087087093,0.5356491748046875,provided,225.0,328,AAPL260731C00275000
2026-07-11,2026-07-31,20.0,0.05475701574264202,280.0,315.32000732421875,0.8879867864270916,call,35.35,37.25,36.3,37.78,0.05234159779614322,0.4322566540527344,provided,238.0,909,AAPL260731C00280000
2026-07-11,2026-07-31,20.0,0.05475701574264202,285.0,315.32000732421875,0.9038436933275754,call,31.15,33.05,32.099999999999994,33.0,0.05919003115264794,0.4331111376953125,provided,30.0,718,AAPL260731C00285000
2026-07-11,2026-07-31,20.0,0.05475701574264202,290.0,315.32000732421875,0.9197006002280592,call,26.65,28.55,27.6,28.93,0.068840579710145,0.4083921466064453,provided,48.0,1118,AAPL260731C00290000
2026-07-11,2026-07-31,20.0,0.05475701574264202,295.0,315.32000732421875,0.9355575071285429,call,22.5,23.6,23.05,23.05,0.04772234273318878,0.3577945080566406,provided,47.0,1231,AAPL260731C00295000
2026-07-11,2026-07-31,20.0,0.05475701574264202,300.0,315.32000732421875,0.9514144140290267,call,18.5,19.4,18.95,18.94,0.047493403693931326,0.3367986242675781,provided,243.0,3254,AAPL260731C00300000
2026-07-11,2026-07-31,20.0,0.05475701574264202,305.0,315.32000732421875,0.9672713209295105,call,14.8,15.6,15.2,15.32,0.052631578947368356,0.3223944714355468,provided,1297.0,4454,AAPL260731C00305000
2026-07-11,2026-07-31,20.0,0.05475701574264202,310.0,315.32000732421875,0.9831282278299943,call,11.7,12.6,12.149999999999999,11.9,0.07407407407407411,0.32459171508789053,provided,468.0,5415,AAPL260731C00310000
2026-07-11,2026-07-31,20.0,0.05475701574264202,315.0,315.32000732421875,0.9989851347304781,call,9.0,9.25,9.125,9.04,0.0273972602739726,0.3013985876464844,provided,754.0,2591,AAPL260731C00315000
2026-07-11,2026-07-31,20.0,0.05475701574264202,320.0,315.32000732421875,1.0148420416309618,call,6.55,6.8,6.675,6.6,0.03745318352059925,0.29431858032226554,provided,1366.0,12756,AAPL260731C00320000
2026-07-11,2026-07-31,20.0,0.05475701574264202,325.0,315.32000732421875,1.0306989485314457,call,4.7,4.9,4.800000000000001,4.75,0.0416666666666667,0.2910837493896483,provided,3734.0,3231,AAPL260731C00325000
2026-07-11,2026-07-31,20.0,0.05475701574264202,330.0,315.32000732421875,1.0465558554319294,call,3.2,3.4,3.3,3.25,0.06060606060606053,0.28754374572753894,provided,520.0,2289,AAPL260731C00330000
2026-07-11,2026-07-31,20.0,0.05475701574264202,335.0,315.32000732421875,1.062412762332413,call,2.13,2.33,2.23,2.33,0.0896860986547086,0.2868723657226562,provided,1263.0,881,AAPL260731C00335000
2026-07-11,2026-07-31,20.0,0.05475701574264202,340.0,315.32000732421875,1.078269669232897,call,1.45,1.62,1.5350000000000001,1.44,0.11074918566775253,0.2902903002929687,provided,236.0,1178,AAPL260731C00340000
2026-07-11,2026-07-31,20.0,0.05475701574264202,345.0,315.32000732421875,1.0941265761333807,call,0.91,1.16,1.035,0.97,0.24154589371980667,0.29724823852539056,provided,139.0,506,AAPL260731C00345000
2026-07-11,2026-07-31,20.0,0.05475701574264202,350.0,315.32000732421875,1.1099834830338646,call,0.62,0.66,0.64,0.63,0.06250000000000006,0.28833719482421866,provided,737.0,988,AAPL260731C00350000
2026-07-11,2026-07-31,20.0,0.05475701574264202,355.0,315.32000732421875,1.1258403899343483,call,0.36,0.51,0.435,0.42,0.34482758620689663,0.3012765185546875,provided,864.0,254,AAPL260731C00355000
2026-07-11,2026-07-31,20.0,0.05475701574264202,390.0,315.32000732421875,1.2368387382377348,call,0.0,0.33,0.08,0.08,,0.446294599609375,provided,37.0,38,AAPL260731C00390000
2026-07-11,2026-07-31,20.0,0.05475701574264202,400.0,315.32000732421875,1.2685525520387022,call,0.0,0.56,0.02,0.02,,0.5339402075195312,provided,6.0,464,AAPL260731C00400000
2026-07-11,2026-08-07,27.0,0.07392197125256673,225.0,315.32000732421875,0.71356081052177,call,89.25,92.95,91.1,58.03,0.04061470911086721,0.6884796777343751,provided,2.0,3,AAPL260807C00225000
2026-07-11,2026-08-07,27.0,0.07392197125256673,230.0,315.32000732421875,0.7294177174222538,call,84.95,88.0,86.475,84.3,0.03527030933795892,0.7023955541992188,provided,1.0,2,AAPL260807C00230000
2026-07-11,2026-08-07,27.0,0.07392197125256673,235.0,315.32000732421875,0.7452746243227376,call,79.35,83.1,81.225,82.52,0.046168051708217916,0.6306189282226562,provided,1.0,5,AAPL260807C00235000
2026-07-11,2026-08-07,27.0,0.07392197125256673,240.0,315.32000732421875,0.7611315312232214,call,74.9,78.1,76.5,74.9,0.041830065359476976,0.6264685791015626,provided,1.0,29,AAPL260807C00240000
2026-07-11,2026-08-07,27.0,0.07392197125256673,245.0,315.32000732421875,0.7769884381237052,call,69.85,73.2,71.525,69.2,0.046836770360014095,0.5903361279296876,provided,3.0,7,AAPL260807C00245000
2026-07-11,2026-08-07,27.0,0.07392197125256673,250.0,315.32000732421875,0.7928453450241889,call,64.7,68.2,66.45,66.71,0.0526711813393529,0.5441940112304688,provided,138.0,41,AAPL260807C00250000
2026-07-11,2026-08-07,27.0,0.07392197125256673,255.0,315.32000732421875,0.8087022519246727,call,60.25,63.0,61.625,61.82,0.04462474645030426,0.523442265625,provided,138.0,19,AAPL260807C00255000
2026-07-11,2026-08-07,27.0,0.07392197125256673,260.0,315.32000732421875,0.8245591588251565,call,55.05,58.1,56.575,57.75,0.05391073795846229,0.5933878552246095,provided,144.0,148,AAPL260807C00260000
2026-07-11,2026-08-07,27.0,0.07392197125256673,265.0,315.32000732421875,0.8404160657256403,call,50.2,53.0,51.6,52.88,0.05426356589147281,0.543949873046875,provided,144.0,60,AAPL260807C00265000
2026-07-11,2026-08-07,27.0,0.07392197125256673,270.0,315.32000732421875,0.856272972626124,call,45.3,48.35,46.825,46.29,0.06513614522156976,0.5210008837890624,provided,1.0,87,AAPL260807C00270000
2026-07-11,2026-08-07,27.0,0.07392197125256673,275.0,315.32000732421875,0.8721298795266078,call,40.5,43.6,42.05,43.27,0.07372175980975033,0.49023947265625006,provided,26.0,202,AAPL260807C00275000
2026-07-11,2026-08-07,27.0,0.07392197125256673,280.0,315.32000732421875,0.8879867864270916,call,35.95,38.9,37.425,36.1,0.07882431529726108,0.4600884069824219,provided,6.0,367,AAPL260807C00280000
2026-07-11,2026-08-07,27.0,0.07392197125256673,285.0,315.32000732421875,0.9038436933275754,call,31.4,34.15,32.775,31.96,0.08390541571319604,0.4255428540039063,provided,2.0,221,AAPL260807C00285000
2026-07-11,2026-08-07,27.0,0.07392197125256673,290.0,315.32000732421875,0.9197006002280592,call,27.35,28.7,28.025,27.88,0.04817127564674391,0.3601138208007812,provided,20.0,233,AAPL260807C00290000
2026-07-11,2026-08-07,27.0,0.07392197125256673,295.0,315.32000732421875,0.9355575071285429,call,22.8,25.45,24.125,25.02,0.10984455958549216,0.38007211730957036,provided,72.0,659,AAPL260807C00295000
2026-07-11,2026-08-07,27.0,0.07392197125256673,300.0,315.32000732421875,0.9514144140290267,call,19.35,20.4,19.875,19.83,0.05283018867924514,0.32660585510253903,provided,129.0,488,AAPL260807C00300000
2026-07-11,2026-08-07,27.0,0.07392197125256673,305.0,315.32000732421875,0.9672713209295105,call,15.1,16.95,16.025,16.82,0.11544461778471138,0.3219672296142577,provided,150.0,751,AAPL260807C00305000
2026-07-11,2026-08-07,27.0,0.07392197125256673,310.0,315.32000732421875,0.9831282278299943,call,12.4,13.35,12.875,13.9,0.07378640776699023,0.3032906585693359,provided,142.0,1191,AAPL260807C00310000
2026-07-11,2026-08-07,27.0,0.07392197125256673,315.0,315.32000732421875,0.9989851347304781,call,10.0,10.35,10.175,10.7,0.03439803439803436,0.29264013031005853,provided,346.0,735,AAPL260807C00315000
2026-07-11,2026-08-07,27.0,0.07392197125256673,320.0,315.32000732421875,1.0148420416309618,call,7.6,7.95,7.775,7.7,0.04501607717041807,0.28833719482421866,provided,1164.0,1146,AAPL260807C00320000
2026-07-11,2026-08-07,27.0,0.07392197125256673,325.0,315.32000732421875,1.0306989485314457,call,5.6,5.95,5.775,5.75,0.0606060606060607,0.28436994934082027,provided,485.0,4075,AAPL260807C00325000
2026-07-11,2026-08-07,27.0,0.07392197125256673,330.0,315.32000732421875,1.0465558554319294,call,4.1,4.45,4.275,4.2,0.08187134502923989,0.2846751220703124,provided,845.0,3530,AAPL260807C00330000
2026-07-11,2026-08-07,27.0,0.07392197125256673,335.0,315.32000732421875,1.062412762332413,call,2.85,3.1,2.975,2.84,0.08403361344537814,0.2786937365722656,provided,200.0,3750,AAPL260807C00335000
2026-07-11,2026-08-07,27.0,0.07392197125256673,340.0,315.32000732421875,1.078269669232897,call,1.96,2.29,2.125,2.35,0.15529411764705886,0.2825999475097656,provided,53.0,614,AAPL260807C00340000
2026-07-11,2026-08-07,27.0,0.07392197125256673,345.0,315.32000732421875,1.0941265761333807,call,1.36,1.5,1.4300000000000002,1.49,0.09790209790209782,0.27698476928710936,provided,86.0,1027,AAPL260807C00345000
2026-07-11,2026-08-07,27.0,0.07392197125256673,350.0,315.32000732421875,1.1099834830338646,call,0.92,1.09,1.0050000000000001,1.07,0.1691542288557214,0.28174546386718746,provided,280.0,456,AAPL260807C00350000
2026-07-11,2026-08-07,27.0,0.07392197125256673,355.0,315.32000732421875,1.1258403899343483,call,0.58,0.75,0.665,0.75,0.25563909774436094,0.28321029296874994,provided,13.0,206,AAPL260807C00355000
2026-07-11,2026-08-14,34.0,0.09308692676249145,235.0,315.32000732421875,0.7452746243227376,call,79.55,83.15,81.35,80.65,0.04425322679778745,0.5788616333007812,provided,1.0,25,AAPL260814C00235000
2026-07-11,2026-08-14,34.0,0.09308692676249145,250.0,315.32000732421875,0.7928453450241889,call,65.2,68.05,66.625,61.95,0.0427767354596622,0.5025684509277344,provided,1.0,3,AAPL260814C00250000
2026-07-11,2026-08-14,34.0,0.09308692676249145,255.0,315.32000732421875,0.8087022519246727,call,60.2,63.15,61.675,53.77,0.04783137413862985,0.5726361096191408,provided,1.0,1,AAPL260814C00255000
2026-07-11,2026-08-14,34.0,0.09308692676249145,260.0,315.32000732421875,0.8245591588251565,call,55.2,58.25,56.725,53.9,0.05376817981489638,0.5390671093750001,provided,2.0,2,AAPL260814C00260000
2026-07-11,2026-08-14,34.0,0.09308692676249145,265.0,315.32000732421875,0.8404160657256403,call,50.5,53.4,51.95,50.8,0.05582290664100093,0.507817421875,provided,5.0,31,AAPL260814C00265000
2026-07-11,2026-08-14,34.0,0.09308692676249145,270.0,315.32000732421875,0.856272972626124,call,45.6,48.6,47.1,46.68,0.06369426751592357,0.4782156671142578,provided,1.0,60,AAPL260814C00270000
2026-07-11,2026-08-14,34.0,0.09308692676249145,275.0,315.32000732421875,0.8721298795266078,call,40.9,43.85,42.375,38.71,0.06961651917404137,0.44977356872558594,provided,2.0,15,AAPL260814C00275000
2026-07-11,2026-08-14,34.0,0.09308692676249145,280.0,315.32000732421875,0.8879867864270916,call,36.35,38.3,37.325,32.27,0.05224380442062949,0.38544315734863277,provided,1.0,15,AAPL260814C00280000
2026-07-11,2026-08-14,34.0,0.09308692676249145,285.0,315.32000732421875,0.9038436933275754,call,31.85,34.65,33.25,32.65,0.08421052631578939,0.3998473101806641,provided,7.0,10,AAPL260814C00285000
2026-07-11,2026-08-14,34.0,0.09308692676249145,290.0,315.32000732421875,0.9197006002280592,call,27.55,30.3,28.925,29.6,0.0950734658599827,0.379889013671875,provided,2.0,22,AAPL260814C00290000
2026-07-11,2026-08-14,34.0,0.09308692676249145,295.0,315.32000732421875,0.9355575071285429,call,23.4,26.15,24.775,22.9,0.11099899091826439,0.36237209899902345,provided,19.0,29,AAPL260814C00295000
2026-07-11,2026-08-14,34.0,0.09308692676249145,300.0,315.32000732421875,0.9514144140290267,call,19.5,22.25,20.875,20.23,0.1317365269461078,0.3474796697998046,provided,13.0,150,AAPL260814C00300000
2026-07-11,2026-08-14,34.0,0.09308692676249145,305.0,315.32000732421875,0.9672713209295105,call,16.15,17.9,17.025,16.2,0.10279001468428782,0.31439894592285156,provided,12.0,254,AAPL260814C00305000
2026-07-11,2026-08-14,34.0,0.09308692676249145,310.0,315.32000732421875,0.9831282278299943,call,13.6,14.85,14.225,14.18,0.08787346221441125,0.3108589422607422,provided,78.0,4726,AAPL260814C00310000
2026-07-11,2026-08-14,34.0,0.09308692676249145,315.0,315.32000732421875,0.9989851347304781,call,10.85,11.4,11.125,11.09,0.049438202247191074,0.28873391937255855,provided,433.0,616,AAPL260814C00315000
2026-07-11,2026-08-14,34.0,0.09308692676249145,320.0,315.32000732421875,1.0148420416309618,call,8.45,8.9,8.675,8.61,0.05187319884726237,0.28247787841796873,provided,228.0,393,AAPL260814C00320000
2026-07-11,2026-08-14,34.0,0.09308692676249145,325.0,315.32000732421875,1.0306989485314457,call,6.4,6.8,6.6,6.62,0.06060606060606053,0.27735097656249996,provided,172.0,362,AAPL260814C00325000
2026-07-11,2026-08-14,34.0,0.09308692676249145,330.0,315.32000732421875,1.0465558554319294,call,4.75,5.35,5.05,4.94,0.11881188118811875,0.28089098022460934,provided,242.0,1999,AAPL260814C00330000
2026-07-11,2026-08-14,34.0,0.09308692676249145,335.0,315.32000732421875,1.062412762332413,call,3.5,3.85,3.675,3.93,0.09523809523809526,0.2740551110839844,provided,123.0,594,AAPL260814C00335000
2026-07-11,2026-08-14,34.0,0.09308692676249145,340.0,315.32000732421875,1.078269669232897,call,2.6,2.87,2.7350000000000003,2.6,0.09872029250457037,0.27472649108886715,provided,4341.0,361,AAPL260814C00340000
2026-07-11,2026-08-14,34.0,0.09308692676249145,345.0,315.32000732421875,1.0941265761333807,call,1.79,2.02,1.905,1.92,0.12073490813648292,0.27161372924804683,provided,373.0,292,AAPL260814C00345000
2026-07-11,2026-08-14,34.0,0.09308692676249145,350.0,315.32000732421875,1.1099834830338646,call,1.14,1.51,1.325,1.3,0.27924528301886803,0.27521476745605467,provided,42.0,124,AAPL260814C00350000
2026-07-11,2026-08-14,34.0,0.09308692676249145,355.0,315.32000732421875,1.1258403899343483,call,0.86,1.08,0.97,0.87,0.2268041237113403,0.2761302856445312,provided,5.0,61,AAPL260814C00355000
2026-07-11,2026-08-14,34.0,0.09308692676249145,360.0,315.32000732421875,1.141697296834832,call,0.57,0.81,0.69,0.62,0.3478260869565219,0.28064684204101553,provided,43.0,57,AAPL260814C00360000
2026-07-11,2026-08-21,41.0,0.11225188227241616,225.0,315.32000732421875,0.71356081052177,call,89.5,93.2,91.35,91.48,0.04050355774493709,0.5927775097656252,provided,2.0,549,AAPL260821C00225000
2026-07-11,2026-08-21,41.0,0.11225188227241616,230.0,315.32000732421875,0.7294177174222538,call,84.75,87.8,86.275,85.0,0.035352071863228016,0.5520064331054688,provided,3.0,948,AAPL260821C00230000
2026-07-11,2026-08-21,41.0,0.11225188227241616,235.0,315.32000732421875,0.7452746243227376,call,79.8,83.3,81.55,80.27,0.04291845493562232,0.5483443603515626,provided,11.0,258,AAPL260821C00235000
2026-07-11,2026-08-21,41.0,0.11225188227241616,240.0,315.32000732421875,0.7611315312232214,call,75.4,77.9,76.65,77.75,0.03261578604044357,0.5249070947265625,provided,51.0,1270,AAPL260821C00240000
2026-07-11,2026-08-21,41.0,0.11225188227241616,245.0,315.32000732421875,0.7769884381237052,call,70.2,73.2,71.7,70.62,0.04184100418410042,0.5979044116210939,provided,2.0,1088,AAPL260821C00245000
2026-07-11,2026-08-21,41.0,0.11225188227241616,250.0,315.32000732421875,0.7928453450241889,call,65.4,67.9,66.65,67.63,0.037509377344336084,0.5444381494140625,provided,4.0,2520,AAPL260821C00250000
2026-07-11,2026-08-21,41.0,0.11225188227241616,255.0,315.32000732421875,0.8087022519246727,call,60.5,63.45,61.975,62.02,0.04759983864461481,0.5384567639160158,provided,55.0,1381,AAPL260821C00255000
2026-07-11,2026-08-21,41.0,0.11225188227241616,260.0,315.32000732421875,0.8245591588251565,call,56.1,58.6,57.35,58.15,0.043591979075850044,0.5093432855224609,provided,79.0,5120,AAPL260821C00260000
2026-07-11,2026-08-21,41.0,0.11225188227241616,265.0,315.32000732421875,0.8404160657256403,call,51.4,53.0,52.2,53.03,0.03065134099616861,0.4440973559570312,provided,76.0,2695,AAPL260821C00265000
2026-07-11,2026-08-21,41.0,0.11225188227241616,270.0,315.32000732421875,0.856272972626124,call,46.75,48.25,47.5,49.05,0.031578947368421054,0.42078215942382813,provided,26.0,6267,AAPL260821C00270000
2026-07-11,2026-08-21,41.0,0.11225188227241616,275.0,315.32000732421875,0.8721298795266078,call,42.0,43.5,42.75,43.83,0.03508771929824561,0.39600213378906257,provided,162.0,7195,AAPL260821C00275000
2026-07-11,2026-08-21,41.0,0.11225188227241616,280.0,315.32000732421875,0.8879867864270916,call,37.6,38.8,38.2,38.37,0.031413612565444914,0.3717103845214844,provided,72.0,9198,AAPL260821C00280000
2026-07-11,2026-08-21,41.0,0.11225188227241616,285.0,315.32000732421875,0.9038436933275754,call,33.3,34.35,33.825,34.0,0.031042128603104336,0.3544986425781249,provided,453.0,5794,AAPL260821C00285000
2026-07-11,2026-08-21,41.0,0.11225188227241616,290.0,315.32000732421875,0.9197006002280592,call,28.85,29.95,29.4,29.5,0.03741496598639449,0.33563896789550784,provided,463.0,8528,AAPL260821C00290000
2026-07-11,2026-08-21,41.0,0.11225188227241616,295.0,315.32000732421875,0.9355575071285429,call,24.85,25.7,25.275,25.7,0.03363006923837776,0.3176948114013671,provided,133.0,8026,AAPL260821C00295000
2026-07-11,2026-08-21,41.0,0.11225188227241616,300.0,315.32000732421875,0.9514144140290267,call,21.3,21.75,21.525,21.5,0.020905923344947702,0.30371790039062496,provided,436.0,16278,AAPL260821C00300000
2026-07-11,2026-08-21,41.0,0.11225188227241616,305.0,315.32000732421875,0.9672713209295105,call,17.75,18.75,18.25,17.94,0.0547945205479452,0.3084175604248046,provided,132.0,8229,AAPL260821C00305000
2026-07-11,2026-08-21,41.0,0.11225188227241616,310.0,315.32000732421875,0.9831282278299943,call,14.6,15.35,14.975,14.72,0.05008347245409015,0.29575289215087885,provided,1293.0,26843,AAPL260821C00310000
2026-07-11,2026-08-21,41.0,0.11225188227241616,315.0,315.32000732421875,0.9989851347304781,call,12.0,12.25,12.125,12.03,0.020618556701030927,0.28351546569824215,provided,1791.0,11870,AAPL260821C00315000
2026-07-11,2026-08-21,41.0,0.11225188227241616,320.0,315.32000732421875,1.0148420416309618,call,9.5,9.75,9.625,9.6,0.025974025974025976,0.2779002874755859,provided,7189.0,23230,AAPL260821C00320000
2026-07-11,2026-08-21,41.0,0.11225188227241616,325.0,315.32000732421875,1.0306989485314457,call,7.4,7.65,7.525,7.5,0.03322259136212624,0.27399407653808594,provided,3131.0,14885,AAPL260821C00325000
2026-07-11,2026-08-21,41.0,0.11225188227241616,330.0,315.32000732421875,1.0465558554319294,call,5.7,5.85,5.775,5.75,0.02597402597402588,0.26947752014160153,provided,3142.0,21214,AAPL260821C00330000
2026-07-11,2026-08-21,41.0,0.11225188227241616,335.0,315.32000732421875,1.062412762332413,call,4.25,4.6,4.425,4.35,0.07909604519774004,0.27173579833984374,provided,657.0,9423,AAPL260821C00335000
2026-07-11,2026-08-21,41.0,0.11225188227241616,340.0,315.32000732421875,1.078269669232897,call,3.15,3.25,3.2,3.18,0.03125000000000003,0.263251996459961,provided,1929.0,13670,AAPL260821C00340000
2026-07-11,2026-08-21,41.0,0.11225188227241616,345.0,315.32000732421875,1.0941265761333807,call,2.3,2.36,2.33,2.3,0.02575107296137341,0.26105475280761714,provided,1062.0,92996,AAPL260821C00345000
2026-07-11,2026-08-21,41.0,0.11225188227241616,350.0,315.32000732421875,1.1099834830338646,call,1.62,1.69,1.655,1.66,0.042296072507552775,0.25952888916015626,provided,912.0,11136,AAPL260821C00350000
2026-07-11,2026-08-21,41.0,0.11225188227241616,355.0,315.32000732421875,1.1258403899343483,call,1.17,1.28,1.225,1.19,0.08979591836734702,0.26306889282226564,provided,274.0,1461,AAPL260821C00355000
2026-07-11,2026-08-21,41.0,0.11225188227241616,360.0,315.32000732421875,1.141697296834832,call,0.8,0.96,0.88,0.97,0.18181818181818174,0.2662426892089844,provided,164.0,3838,AAPL260821C00360000
2026-07-11,2026-08-21,41.0,0.11225188227241616,365.0,315.32000732421875,1.157554203735316,call,0.55,0.7,0.625,0.65,0.23999999999999985,0.2679516564941406,provided,474.0,1193,AAPL260821C00365000
2026-07-11,2026-08-21,41.0,0.11225188227241616,370.0,315.32000732421875,1.1734111106357996,call,0.41,0.48,0.44499999999999995,0.48,0.15730337078651688,0.2668530346679688,provided,265.0,1764,AAPL260821C00370000
2026-07-11,2026-09-18,69.0,0.188911704312115,225.0,315.32000732421875,0.71356081052177,call,91.15,93.95,92.55000000000001,92.0,0.030253916801728762,0.5437057348632813,provided,6.0,793,AAPL260918C00225000
2026-07-11,2026-09-18,69.0,0.188911704312115,230.0,315.32000732421875,0.7294177174222538,call,86.6,89.1,87.85,87.1,0.028457598178713718,0.5317429638671876,provided,1.0,1861,AAPL260918C00230000
2026-07-11,2026-09-18,69.0,0.188911704312115,235.0,315.32000732421875,0.7452746243227376,call,81.15,84.2,82.67500000000001,82.85,0.03689144239491983,0.5660443786621094,provided,5.0,1836,AAPL260918C00235000
2026-07-11,2026-09-18,69.0,0.188911704312115,240.0,315.32000732421875,0.7611315312232214,call,76.3,79.35,77.82499999999999,77.95,0.03919049148731125,0.541569525756836,provided,2.0,3737,AAPL260918C00240000
2026-07-11,2026-09-18,69.0,0.188911704312115,245.0,315.32000732421875,0.7769884381237052,call,71.55,74.55,73.05,74.1,0.041067761806981525,0.5188036401367188,provided,4.0,1163,AAPL260918C00245000
2026-07-11,2026-09-18,69.0,0.188911704312115,250.0,315.32000732421875,0.7928453450241889,call,67.1,69.05,68.07499999999999,67.15,0.028644876973925863,0.4694877270507813,provided,30.0,4156,AAPL260918C00250000
2026-07-11,2026-09-18,69.0,0.188911704312115,255.0,315.32000732421875,0.8087022519246727,call,62.25,64.95,63.6,63.58,0.04245283018867929,0.47223428161621095,provided,82.0,3179,AAPL260918C00255000
2026-07-11,2026-09-18,69.0,0.188911704312115,260.0,315.32000732421875,0.8245591588251565,call,57.9,59.1,58.5,56.25,0.02051282051282056,0.4126645648193359,provided,1.0,5228,AAPL260918C00260000
2026-07-11,2026-09-18,69.0,0.188911704312115,265.0,315.32000732421875,0.8404160657256403,call,52.75,55.65,54.2,54.6,0.05350553505535052,0.4331111376953125,provided,17.0,6591,AAPL260918C00265000
2026-07-11,2026-09-18,69.0,0.188911704312115,270.0,315.32000732421875,0.856272972626124,call,48.9,49.85,49.375,49.4,0.01924050632911398,0.3782410809326171,provided,31.0,6488,AAPL260918C00270000
2026-07-11,2026-09-18,69.0,0.188911704312115,275.0,315.32000732421875,0.8721298795266078,call,43.9,45.75,44.825,45.8,0.041271611823759095,0.3737855590820312,provided,13.0,5061,AAPL260918C00275000
2026-07-11,2026-09-18,69.0,0.188911704312115,280.0,315.32000732421875,0.8879867864270916,call,40.0,40.9,40.45,40.85,0.022249690976514178,0.3465031170654296,provided,236.0,8396,AAPL260918C00280000
2026-07-11,2026-09-18,69.0,0.188911704312115,285.0,315.32000732421875,0.9038436933275754,call,35.65,38.15,36.9,37.4,0.06775067750677508,0.3690858990478516,provided,49.0,36201,AAPL260918C00285000
2026-07-11,2026-09-18,69.0,0.188911704312115,290.0,315.32000732421875,0.9197006002280592,call,31.55,33.15,32.35,32.44,0.04945904173106639,0.3347844842529296,provided,159.0,11213,AAPL260918C00290000
2026-07-11,2026-09-18,69.0,0.188911704312115,295.0,315.32000732421875,0.9355575071285429,call,27.65,29.5,28.575,29.68,0.06474190726159235,0.3284674087524414,provided,598.0,12252,AAPL260918C00295000
2026-07-11,2026-09-18,69.0,0.188911704312115,300.0,315.32000732421875,0.9514144140290267,call,24.55,25.95,25.25,26.19,0.05544554455445539,0.3205634350585937,provided,123.0,29805,AAPL260918C00300000
2026-07-11,2026-09-18,69.0,0.188911704312115,305.0,315.32000732421875,0.9672713209295105,call,21.4,22.75,22.075,21.72,0.061155152887882286,0.3157417059326171,provided,16.0,24926,AAPL260918C00305000
2026-07-11,2026-09-18,69.0,0.188911704312115,310.0,315.32000732421875,0.9831282278299943,call,18.35,19.0,18.675,18.65,0.034805890227576894,0.2967599621582031,provided,303.0,18569,AAPL260918C00310000
2026-07-11,2026-09-18,69.0,0.188911704312115,315.0,315.32000732421875,0.9989851347304781,call,15.7,16.15,15.924999999999999,15.9,0.028257456828885356,0.29053443847656246,provided,477.0,6049,AAPL260918C00315000
2026-07-11,2026-09-18,69.0,0.188911704312115,320.0,315.32000732421875,1.0148420416309618,call,13.25,13.55,13.4,13.49,0.022388059701492588,0.28446150115966784,provided,2498.0,36715,AAPL260918C00320000
2026-07-11,2026-09-18,69.0,0.188911704312115,325.0,315.32000732421875,1.0306989485314457,call,10.95,11.35,11.149999999999999,11.15,0.03587443946188344,0.28116563568115227,provided,305.0,9381,AAPL260918C00325000
2026-07-11,2026-09-18,69.0,0.188911704312115,330.0,315.32000732421875,1.0465558554319294,call,9.0,9.65,9.325,9.11,0.06970509383378021,0.28269149932861326,provided,534.0,12978,AAPL260918C00330000
2026-07-11,2026-09-18,69.0,0.188911704312115,335.0,315.32000732421875,1.062412762332413,call,7.35,7.7,7.525,7.45,0.04651162790697681,0.2749095947265625,provided,395.0,5256,AAPL260918C00335000
2026-07-11,2026-09-18,69.0,0.188911704312115,340.0,315.32000732421875,1.078269669232897,call,5.95,6.2,6.075,6.2,0.0411522633744856,0.2713085565185547,provided,6287.0,8034,AAPL260918C00340000
2026-07-11,2026-09-18,69.0,0.188911704312115,345.0,315.32000732421875,1.0941265761333807,call,4.75,5.0,4.875,5.4,0.05128205128205128,0.26959958923339844,provided,139.0,7026,AAPL260918C00345000
2026-07-11,2026-09-18,69.0,0.188911704312115,350.0,315.32000732421875,1.1099834830338646,call,3.8,4.0,3.9,3.87,0.05128205128205133,0.26819579467773436,provided,894.0,42568,AAPL260918C00350000
2026-07-11,2026-09-18,69.0,0.188911704312115,355.0,315.32000732421875,1.1258403899343483,call,2.94,3.2,3.0700000000000003,3.03,0.0846905537459284,0.2677685528564453,provided,112.0,1196,AAPL260918C00355000
2026-07-11,2026-09-18,69.0,0.188911704312115,360.0,315.32000732421875,1.141697296834832,call,2.34,2.51,2.425,2.6,0.07010309278350513,0.26642579284667967,provided,160.0,3814,AAPL260918C00360000
2026-07-11,2026-09-18,69.0,0.188911704312115,365.0,315.32000732421875,1.157554203735316,call,1.82,2.06,1.94,1.72,0.12371134020618557,0.26923338195800783,provided,7.0,292,AAPL260918C00365000
2026-07-11,2026-09-18,69.0,0.188911704312115,370.0,315.32000732421875,1.1734111106357996,call,1.4,1.56,1.48,1.6,0.10810810810810821,0.26654786193847657,provided,69.0,2406,AAPL260918C00370000
2026-07-11,2026-09-18,69.0,0.188911704312115,375.0,315.32000732421875,1.1892680175362835,call,1.08,1.28,1.1800000000000002,1.25,0.16949152542372875,0.2696606237792969,provided,69.0,55,AAPL260918C00375000
2026-07-11,2026-09-18,69.0,0.188911704312115,380.0,315.32000732421875,1.2051249244367672,call,0.81,0.97,0.89,0.94,0.17977528089887632,0.26819579467773436,provided,110.0,3451,AAPL260918C00380000
2026-07-11,2026-09-18,69.0,0.188911704312115,385.0,315.32000732421875,1.220981831337251,call,0.59,0.81,0.7,0.74,0.31428571428571445,0.27246821289062495,provided,35.0,76,AAPL260918C00385000
2026-07-11,2026-09-18,69.0,0.188911704312115,390.0,315.32000732421875,1.2368387382377348,call,0.45,0.6,0.525,0.54,0.28571428571428564,0.2703930383300781,provided,29.0,5894,AAPL260918C00390000
2026-07-11,2026-10-16,97.0,0.2655715263518138,225.0,315.32000732421875,0.71356081052177,call,92.05,95.1,93.57499999999999,90.12,0.032594175794816965,0.5061084545898438,provided,1.0,226,AAPL261016C00225000
2026-07-11,2026-10-16,97.0,0.2655715263518138,230.0,315.32000732421875,0.7294177174222538,call,87.2,90.25,88.725,88.78,0.034375880529726656,0.5421188366699221,provided,2.0,256,AAPL261016C00230000
2026-07-11,2026-10-16,97.0,0.2655715263518138,235.0,315.32000732421875,0.7452746243227376,call,82.4,85.5,83.95,57.2,0.03692674210839779,0.5227098510742187,provided,1.0,260,AAPL261016C00235000
2026-07-11,2026-10-16,97.0,0.2655715263518138,240.0,315.32000732421875,0.7611315312232214,call,77.95,80.7,79.325,78.75,0.034667507091081,0.5014087945556642,provided,3.0,456,AAPL261016C00240000
2026-07-11,2026-10-16,97.0,0.2655715263518138,245.0,315.32000732421875,0.7769884381237052,call,73.25,76.0,74.625,72.25,0.03685092127303183,0.48291532714843755,provided,1.0,248,AAPL261016C00245000
2026-07-11,2026-10-16,97.0,0.2655715263518138,250.0,315.32000732421875,0.7928453450241889,call,68.55,71.35,69.94999999999999,67.83,0.04002859185132234,0.46533737792968755,provided,11.0,975,AAPL261016C00250000
2026-07-11,2026-10-16,97.0,0.2655715263518138,255.0,315.32000732421875,0.8087022519246727,call,64.1,66.55,65.32499999999999,64.16,0.03750478377344054,0.4431818377685547,provided,1.0,1001,AAPL261016C00255000
2026-07-11,2026-10-16,97.0,0.2655715263518138,260.0,315.32000732421875,0.8245591588251565,call,59.7,62.1,60.900000000000006,59.52,0.039408866995073864,0.4295406167602539,provided,28.0,1330,AAPL261016C00260000
2026-07-11,2026-10-16,97.0,0.2655715263518138,265.0,315.32000732421875,0.8404160657256403,call,55.0,57.7,56.35,56.45,0.047914818101153556,0.4158993957519531,provided,11.0,1037,AAPL261016C00265000
2026-07-11,2026-10-16,97.0,0.2655715263518138,270.0,315.32000732421875,0.856272972626124,call,50.7,53.35,52.025000000000006,52.85,0.05093704949543485,0.40216662292480465,provided,6.0,1471,AAPL261016C00270000
2026-07-11,2026-10-16,97.0,0.2655715263518138,275.0,315.32000732421875,0.8721298795266078,call,46.2,48.55,47.375,46.95,0.04960422163588379,0.3776917700195312,provided,131.0,1518,AAPL261016C00275000
2026-07-11,2026-10-16,97.0,0.2655715263518138,280.0,315.32000732421875,0.8879867864270916,call,42.4,43.75,43.075,43.1,0.03134068485200235,0.3528507098388671,provided,55.0,2038,AAPL261016C00280000
2026-07-11,2026-10-16,97.0,0.2655715263518138,285.0,315.32000732421875,0.9038436933275754,call,38.45,40.85,39.650000000000006,40.21,0.06052963430012606,0.36365382446289063,provided,15.0,1944,AAPL261016C00285000
2026-07-11,2026-10-16,97.0,0.2655715263518138,290.0,315.32000732421875,0.9197006002280592,call,34.4,37.0,35.7,36.15,0.0728291316526611,0.35333898620605464,provided,18.0,2303,AAPL261016C00290000
2026-07-11,2026-10-16,97.0,0.2655715263518138,295.0,315.32000732421875,0.9355575071285429,call,30.55,33.2,31.875,30.36,0.08313725490196085,0.34180345703125,provided,6.0,1935,AAPL261016C00295000
2026-07-11,2026-10-16,97.0,0.2655715263518138,300.0,315.32000732421875,0.9514144140290267,call,27.45,29.05,28.25,28.26,0.05663716814159297,0.32245550598144523,provided,85.0,11866,AAPL261016C00300000
2026-07-11,2026-10-16,97.0,0.2655715263518138,305.0,315.32000732421875,0.9672713209295105,call,24.0,25.25,24.625,25.24,0.050761421319796954,0.30692221405029296,provided,35.0,4829,AAPL261016C00305000
2026-07-11,2026-10-16,97.0,0.2655715263518138,310.0,315.32000732421875,0.9831282278299943,call,21.3,22.45,21.875,22.71,0.052571428571428505,0.304694453125,provided,105.0,4285,AAPL261016C00310000
2026-07-11,2026-10-16,97.0,0.2655715263518138,315.0,315.32000732421875,0.9989851347304781,call,18.7,19.35,19.025,19.03,0.034165571616294466,0.29477633941650383,provided,1916.0,6549,AAPL261016C00315000
2026-07-11,2026-10-16,97.0,0.2655715263518138,320.0,315.32000732421875,1.0148420416309618,call,16.25,16.85,16.55,17.45,0.036253776435045404,0.2910837493896483,provided,489.0,6730,AAPL261016C00320000
2026-07-11,2026-10-16,97.0,0.2655715263518138,325.0,315.32000732421875,1.0306989485314457,call,13.95,14.35,14.149999999999999,14.05,0.028268551236749144,0.28421736297607414,provided,110.0,5472,AAPL261016C00325000
2026-07-11,2026-10-16,97.0,0.2655715263518138,330.0,315.32000732421875,1.0465558554319294,call,11.8,12.2,12.0,12.7,0.033333333333333215,0.2795177029418945,provided,525.0,5328,AAPL261016C00330000
2026-07-11,2026-10-16,97.0,0.2655715263518138,335.0,315.32000732421875,1.062412762332413,call,9.95,10.35,10.149999999999999,10.75,0.039408866995073934,0.27628287200927726,provided,443.0,2575,AAPL261016C00335000
2026-07-11,2026-10-16,97.0,0.2655715263518138,340.0,315.32000732421875,1.078269669232897,call,8.4,8.75,8.575,8.6,0.04081632653061221,0.2739635592651367,provided,140.0,3471,AAPL261016C00340000
2026-07-11,2026-10-16,97.0,0.2655715263518138,345.0,315.32000732421875,1.0941265761333807,call,7.0,7.35,7.175,7.6,0.048780487804878,0.27188838470458976,provided,35.0,3877,AAPL261016C00345000
2026-07-11,2026-10-16,97.0,0.2655715263518138,350.0,315.32000732421875,1.1099834830338646,call,5.8,6.15,5.975,5.9,0.058577405857740676,0.27033200378417965,provided,166.0,3397,AAPL261016C00350000
2026-07-11,2026-10-16,97.0,0.2655715263518138,355.0,315.32000732421875,1.1258403899343483,call,4.75,5.1,4.925,4.56,0.07106598984771567,0.2685925192260742,provided,8.0,1478,AAPL261016C00355000
2026-07-11,2026-10-16,97.0,0.2655715263518138,360.0,315.32000732421875,1.141697296834832,call,3.85,4.25,4.05,4.07,0.09876543209876541,0.2681347601318359,provided,58.0,1422,AAPL261016C00360000
2026-07-11,2026-10-16,97.0,0.2655715263518138,365.0,315.32000732421875,1.157554203735316,call,3.1,3.5,3.3,3.4,0.12121212121212119,0.26709717285156254,provided,32.0,1031,AAPL261016C00365000
2026-07-11,2026-10-16,97.0,0.2655715263518138,370.0,315.32000732421875,1.1734111106357996,call,2.54,2.86,2.7,2.8,0.11851851851851845,0.2659985510253906,provided,66.0,1145,AAPL261016C00370000
2026-07-11,2026-10-16,97.0,0.2655715263518138,380.0,315.32000732421875,1.2051249244367672,call,1.7,1.92,1.81,1.9,0.12154696132596683,0.2655102746582031,provided,10.0,1820,AAPL261016C00380000
2026-07-11,2026-10-16,97.0,0.2655715263518138,390.0,315.32000732421875,1.2368387382377348,call,1.05,1.35,1.2000000000000002,1.25,0.25,0.26892820922851557,provided,49.0,929,AAPL261016C00390000
2026-07-11,2026-10-16,97.0,0.2655715263518138,400.0,315.32000732421875,1.2685525520387022,call,0.71,0.82,0.7649999999999999,0.81,0.1437908496732026,0.2647778601074219,provided,88.0,6220,AAPL261016C00400000
