ticker,date
ADBE,2009-12-17
ADBE,2010-02-16
ADBE,2010-04-13
ADBE,2010-04-15
ADBE,2010-06-22
ADBE,2010-06-23
ADBE,2010-06-29
ADBE,2010-08-02
ADBE,2010-08-10
ADBE,2010-08-31
ADBE,2010-09-09
ADBE,2010-09-21
ADBE,2010-09-22
ADBE,2010-09-23
ADBE,2010-10-11
ADBE,2010-10-20
ADBE,2010-10-22
ADBE,2010-10-26
ADBE,2010-11-09
ADBE,2010-11-10
ADBE,2010-12-07
ADBE,2010-12-20
ADBE,2010-12-21
ADBE,2010-12-23
ADBE,2011-01-25
ADBE,2011-01-26
ADBE,2011-01-31
ADBE,2011-02-01
ADBE,2011-02-25
ADBE,2011-03-04
ADBE,2011-03-15
ADBE,2011-03-22
ADBE,2011-03-23
ADBE,2011-04-13
ADBE,2011-04-14
ADBE,2011-04-20
ADBE,2011-06-20
ADBE,2011-06-21
ADBE,2011-06-22
ADBE,2011-06-23
ADBE,2011-06-27
ADBE,2011-07-20
ADBE,2011-07-22
ADBE,2011-08-04
ADBE,2011-09-20
ADBE,2011-09-21
ADBE,2011-11-29
ADBE,2011-12-01
ADBE,2011-12-09
ADBE,2011-12-14
ADBE,2011-12-15
ADBE,2011-12-16
ADBE,2011-12-19
ADBE,2011-12-23
ADBE,2011-12-27
ADBE,2012-02-22
ADBE,2012-03-16
ADBE,2012-03-19
ADBE,2012-03-20
ADBE,2012-03-22
ADBE,2012-05-14
ADBE,2012-05-25
ADBE,2012-06-08
ADBE,2012-06-18
ADBE,2012-06-19
ADBE,2012-06-20
ADBE,2012-06-21
ADBE,2012-06-22
ADBE,2012-07-13
ADBE,2012-07-31
ADBE,2012-08-16
ADBE,2012-09-17
ADBE,2012-09-19
ADBE,2012-09-20
ADBE,2012-09-21
ADBE,2012-11-05
ADBE,2012-11-14
ADBE,2012-11-27
ADBE,2012-12-12
ADBE,2012-12-13
ADBE,2012-12-14
ADBE,2012-12-17
ADBE,2012-12-18
ADBE,2012-12-28
ADBE,2012-12-31
ADBE,2013-01-03
ADBE,2013-01-07
ADBE,2013-01-08
ADBE,2013-01-16
ADBE,2013-01-21
ADBE,2013-02-01
ADBE,2013-02-04
ADBE,2013-02-07
ADBE,2013-02-11
ADBE,2013-02-15
ADBE,2013-02-22
ADBE,2013-02-25
ADBE,2013-02-26
ADBE,2013-03-18
ADBE,2013-03-19
ADBE,2013-03-20
ADBE,2013-03-21
ADBE,2013-03-31
ADBE,2013-04-08
ADBE,2013-04-30
ADBE,2013-05-09
ADBE,2013-05-13
ADBE,2013-05-15
ADBE,2013-05-17
ADBE,2013-05-20
ADBE,2013-05-23
ADBE,2013-06-11
ADBE,2013-06-14
ADBE,2013-06-17
ADBE,2013-06-18
ADBE,2013-06-19
ADBE,2013-06-20
ADBE,2013-06-21
ADBE,2013-06-24
ADBE,2013-06-27
ADBE,2013-07-05
ADBE,2013-07-09
ADBE,2013-07-10
ADBE,2013-07-22
ADBE,2013-07-24
ADBE,2013-08-06
ADBE,2013-08-23
ADBE,2013-09-13
ADBE,2013-09-16
ADBE,2013-09-17
ADBE,2013-09-18
ADBE,2013-09-19
ADBE,2013-09-20
ADBE,2013-10-04
ADBE,2013-10-08
ADBE,2013-10-09
ADBE,2013-10-17
ADBE,2013-10-18
ADBE,2013-10-23
ADBE,2013-10-30
ADBE,2013-11-01
ADBE,2013-11-04
ADBE,2013-11-08
ADBE,2013-11-15
ADBE,2013-11-25
ADBE,2013-12-03
ADBE,2013-12-05
ADBE,2013-12-06
ADBE,2013-12-09
ADBE,2013-12-12
ADBE,2013-12-13
ADBE,2013-12-16
ADBE,2013-12-19
ADBE,2013-12-23
ADBE,2013-12-27
ADBE,2014-01-20
ADBE,2014-01-31
ADBE,2014-02-03
ADBE,2014-02-06
ADBE,2014-02-10
ADBE,2014-02-14
ADBE,2014-02-20
ADBE,2014-02-21
ADBE,2014-02-27
ADBE,2014-03-04
ADBE,2014-03-14
ADBE,2014-03-17
ADBE,2014-03-18
ADBE,2014-03-19
ADBE,2014-03-25
ADBE,2014-03-26
ADBE,2014-04-03
ADBE,2014-04-04
ADBE,2014-04-10
ADBE,2014-04-11
ADBE,2014-04-14
ADBE,2014-04-15
ADBE,2014-04-21
ADBE,2014-04-24
ADBE,2014-04-30
ADBE,2014-05-02
ADBE,2014-05-13
ADBE,2014-05-14
ADBE,2014-05-15
ADBE,2014-05-16
ADBE,2014-05-30
ADBE,2014-06-10
ADBE,2014-06-16
ADBE,2014-06-17
ADBE,2014-06-18
ADBE,2014-06-19
ADBE,2014-06-30
ADBE,2014-07-01
ADBE,2014-07-08
ADBE,2014-07-10
ADBE,2014-08-19
ADBE,2014-09-10
ADBE,2014-09-12
ADBE,2014-09-15
ADBE,2014-09-16
ADBE,2014-09-17
ADBE,2014-09-18
ADBE,2014-09-22
ADBE,2014-09-23
ADBE,2014-10-23
ADBE,2014-11-03
ADBE,2014-11-13
ADBE,2014-11-14
ADBE,2014-11-17
ADBE,2014-11-18
ADBE,2014-11-21
ADBE,2014-12-01
ADBE,2014-12-02
ADBE,2014-12-04
ADBE,2014-12-08
ADBE,2014-12-09
ADBE,2014-12-10
ADBE,2014-12-11
ADBE,2014-12-12
ADBE,2014-12-13
ADBE,2014-12-15
ADBE,2014-12-16
ADBE,2014-12-17
ADBE,2014-12-29
ADBE,2014-12-31
ADBE,2015-01-06
ADBE,2015-01-07
ADBE,2015-01-09
ADBE,2015-01-13
ADBE,2015-01-14
ADBE,2015-01-15
ADBE,2015-01-16
ADBE,2015-01-19
ADBE,2015-01-20
ADBE,2015-01-21
ADBE,2015-01-22
ADBE,2015-01-26
ADBE,2015-01-28
ADBE,2015-01-29
ADBE,2015-02-09
ADBE,2015-02-12
ADBE,2015-02-18
ADBE,2015-02-24
ADBE,2015-02-26
ADBE,2015-03-02
ADBE,2015-03-05
ADBE,2015-03-06
ADBE,2015-03-10
ADBE,2015-03-13
ADBE,2015-03-16
ADBE,2015-03-17
ADBE,2015-03-18
ADBE,2015-03-19
ADBE,2015-03-20
ADBE,2015-03-21
ADBE,2015-03-23
ADBE,2015-03-30
ADBE,2015-04-01
ADBE,2015-04-16
ADBE,2015-04-17
ADBE,2015-05-04
ADBE,2015-06-03
ADBE,2015-06-04
ADBE,2015-06-05
ADBE,2015-06-08
ADBE,2015-06-12
ADBE,2015-06-15
ADBE,2015-06-16
ADBE,2015-06-17
ADBE,2015-06-19
ADBE,2015-06-22
ADBE,2015-06-23
ADBE,2015-06-29
ADBE,2015-07-03
ADBE,2015-07-21
ADBE,2015-08-06
ADBE,2015-08-14
ADBE,2015-08-17
ADBE,2015-08-20
ADBE,2015-08-24
ADBE,2015-08-25
ADBE,2015-08-26
ADBE,2015-09-10
ADBE,2015-09-11
ADBE,2015-09-14
ADBE,2015-09-17
ADBE,2015-09-18
ADBE,2015-09-21
ADBE,2015-09-22
ADBE,2015-09-24
ADBE,2015-09-26
ADBE,2015-10-02
ADBE,2015-10-06
ADBE,2015-10-07
ADBE,2015-10-08
ADBE,2015-10-11
ADBE,2015-10-13
ADBE,2015-10-19
ADBE,2015-11-02
ADBE,2015-11-04
ADBE,2015-11-12
ADBE,2015-11-17
ADBE,2015-11-20
ADBE,2015-11-23
ADBE,2015-11-27
ADBE,2015-12-01
ADBE,2015-12-02
ADBE,2015-12-03
ADBE,2015-12-04
ADBE,2015-12-07
ADBE,2015-12-08
ADBE,2015-12-09
ADBE,2015-12-10
ADBE,2015-12-11
ADBE,2015-12-12
ADBE,2015-12-14
ADBE,2015-12-16
ADBE,2015-12-18
ADBE,2015-12-21
ADBE,2015-12-22
ADBE,2015-12-31
ADBE,2016-01-04
ADBE,2016-01-08
ADBE,2016-01-15
ADBE,2016-01-28
ADBE,2016-02-01
ADBE,2016-02-05
ADBE,2016-02-07
ADBE,2016-02-08
ADBE,2016-02-23
ADBE,2016-02-26
ADBE,2016-02-28
ADBE,2016-02-29
ADBE,2016-03-01
ADBE,2016-03-08
ADBE,2016-03-12
ADBE,2016-03-14
ADBE,2016-03-15
ADBE,2016-03-16
ADBE,2016-03-17
ADBE,2016-03-18
ADBE,2016-03-21
ADBE,2016-03-23
ADBE,2016-03-30
ADBE,2016-03-31
ADBE,2016-04-04
ADBE,2016-04-05
ADBE,2016-04-06
ADBE,2016-04-08
ADBE,2016-04-11
ADBE,2016-04-12
ADBE,2016-04-13
ADBE,2016-04-14
ADBE,2016-04-18
ADBE,2016-04-19
ADBE,2016-04-20
ADBE,2016-04-28
ADBE,2016-05-06
ADBE,2016-05-12
ADBE,2016-05-13
ADBE,2016-05-16
ADBE,2016-05-18
ADBE,2016-05-20
ADBE,2016-05-23
ADBE,2016-05-25
ADBE,2016-05-31
ADBE,2016-06-01
ADBE,2016-06-02
ADBE,2016-06-03
ADBE,2016-06-15
ADBE,2016-06-17
ADBE,2016-06-20
ADBE,2016-06-21
ADBE,2016-06-22
ADBE,2016-06-23
ADBE,2016-06-24
ADBE,2016-06-27
ADBE,2016-06-28
ADBE,2016-06-29
ADBE,2016-06-30
ADBE,2016-07-05
ADBE,2016-07-08
ADBE,2016-07-11
ADBE,2016-07-12
ADBE,2016-07-13
ADBE,2016-07-14
ADBE,2016-07-15
ADBE,2016-07-19
ADBE,2016-07-21
ADBE,2016-07-22
ADBE,2016-07-26
ADBE,2016-07-27
ADBE,2016-07-28
ADBE,2016-07-29
ADBE,2016-08-02
ADBE,2016-08-03
ADBE,2016-08-09
ADBE,2016-08-10
ADBE,2016-08-11
ADBE,2016-08-12
ADBE,2016-08-16
ADBE,2016-08-17
ADBE,2016-08-18
ADBE,2016-08-24
ADBE,2016-08-25
ADBE,2016-08-26
ADBE,2016-08-31
ADBE,2016-09-06
ADBE,2016-09-08
ADBE,2016-09-12
ADBE,2016-09-15
ADBE,2016-09-16
ADBE,2016-09-19
ADBE,2016-09-20
ADBE,2016-09-21
ADBE,2016-09-22
ADBE,2016-09-23
ADBE,2016-09-26
ADBE,2016-09-27
ADBE,2016-09-28
ADBE,2016-09-29
ADBE,2016-09-30
ADBE,2016-10-03
ADBE,2016-10-04
ADBE,2016-10-05
ADBE,2016-10-06
ADBE,2016-10-08
ADBE,2016-10-10
ADBE,2016-10-14
ADBE,2016-10-17
ADBE,2016-10-18
ADBE,2016-10-21
ADBE,2016-10-25
ADBE,2016-10-31
ADBE,2016-11-01
ADBE,2016-11-02
ADBE,2016-11-03
ADBE,2016-11-06
ADBE,2016-11-08
ADBE,2016-11-09
ADBE,2016-11-10
ADBE,2016-11-11
ADBE,2016-11-16
ADBE,2016-11-17
ADBE,2016-11-21
ADBE,2016-11-25
ADBE,2016-11-28
ADBE,2016-11-30
ADBE,2016-12-07
ADBE,2016-12-10
ADBE,2016-12-12
ADBE,2016-12-13
ADBE,2016-12-14
ADBE,2016-12-15
ADBE,2016-12-16
ADBE,2016-12-19
ADBE,2016-12-20
ADBE,2016-12-27
ADBE,2016-12-30
ADBE,2017-01-03
ADBE,2017-01-05
ADBE,2017-01-07
ADBE,2017-01-11
ADBE,2017-01-12
ADBE,2017-01-16
ADBE,2017-01-17
ADBE,2017-01-18
ADBE,2017-01-20
ADBE,2017-01-23
ADBE,2017-01-25
ADBE,2017-01-26
ADBE,2017-02-04
ADBE,2017-02-08
ADBE,2017-02-15
ADBE,2017-02-17
ADBE,2017-02-22
ADBE,2017-02-23
ADBE,2017-03-02
ADBE,2017-03-03
ADBE,2017-03-07
ADBE,2017-03-10
ADBE,2017-03-11
ADBE,2017-03-13
ADBE,2017-03-14
ADBE,2017-03-15
ADBE,2017-03-16
ADBE,2017-03-17
ADBE,2017-03-20
ADBE,2017-03-21
ADBE,2017-03-22
ADBE,2017-03-24
ADBE,2017-03-26
ADBE,2017-03-27
ADBE,2017-03-28
ADBE,2017-04-03
ADBE,2017-04-04
ADBE,2017-04-06
ADBE,2017-04-10
ADBE,2017-04-12
ADBE,2017-04-13
ADBE,2017-04-17
ADBE,2017-04-19
ADBE,2017-04-21
ADBE,2017-04-25
ADBE,2017-04-26
ADBE,2017-04-27
ADBE,2017-04-28
ADBE,2017-05-04
ADBE,2017-05-08
ADBE,2017-05-10
ADBE,2017-05-12
ADBE,2017-05-15
ADBE,2017-05-17
ADBE,2017-05-19
ADBE,2017-05-22
ADBE,2017-05-23
ADBE,2017-05-24
ADBE,2017-05-25
ADBE,2017-06-02
ADBE,2017-06-05
ADBE,2017-06-09
ADBE,2017-06-12
ADBE,2017-06-13
ADBE,2017-06-15
ADBE,2017-06-16
ADBE,2017-06-18
ADBE,2017-06-19
ADBE,2017-06-20
ADBE,2017-06-21
ADBE,2017-06-22
ADBE,2017-06-23
ADBE,2017-06-26
ADBE,2017-06-28
ADBE,2017-06-30
ADBE,2017-07-05
ADBE,2017-07-06
ADBE,2017-07-10
ADBE,2017-07-12
ADBE,2017-07-13
ADBE,2017-07-14
ADBE,2017-07-17
ADBE,2017-07-18
ADBE,2017-07-19
ADBE,2017-07-25
ADBE,2017-07-26
ADBE,2017-07-27
ADBE,2017-07-31
ADBE,2017-08-01
ADBE,2017-08-08
ADBE,2017-08-09
ADBE,2017-08-10
ADBE,2017-08-11
ADBE,2017-08-16
ADBE,2017-08-17
ADBE,2017-08-18
ADBE,2017-08-22
ADBE,2017-08-24
ADBE,2017-08-28
ADBE,2017-09-06
ADBE,2017-09-11
ADBE,2017-09-13
ADBE,2017-09-14
ADBE,2017-09-15
ADBE,2017-09-18
ADBE,2017-09-19
ADBE,2017-09-20
ADBE,2017-09-21
ADBE,2017-09-22
ADBE,2017-09-23
ADBE,2017-09-25
ADBE,2017-09-27
ADBE,2017-09-28
ADBE,2017-10-02
ADBE,2017-10-03
ADBE,2017-10-05
ADBE,2017-10-06
ADBE,2017-10-09
ADBE,2017-10-10
ADBE,2017-10-11
ADBE,2017-10-12
ADBE,2017-10-13
ADBE,2017-10-16
ADBE,2017-10-18
ADBE,2017-10-19
ADBE,2017-10-20
ADBE,2017-10-23
ADBE,2017-10-24
ADBE,2017-10-25
ADBE,2017-10-27
ADBE,2017-10-28
ADBE,2017-10-30
ADBE,2017-11-01
ADBE,2017-11-02
ADBE,2017-11-03
ADBE,2017-11-06
ADBE,2017-11-07
ADBE,2017-11-08
ADBE,2017-11-09
ADBE,2017-11-10
ADBE,2017-11-13
ADBE,2017-11-14
ADBE,2017-11-15
ADBE,2017-11-16
ADBE,2017-11-17
ADBE,2017-11-20
ADBE,2017-11-21
ADBE,2017-11-22
ADBE,2017-11-24
ADBE,2017-11-27
ADBE,2017-11-28
ADBE,2017-11-29
ADBE,2017-11-30
ADBE,2017-12-01
ADBE,2017-12-04
ADBE,2017-12-05
ADBE,2017-12-06
ADBE,2017-12-07
ADBE,2017-12-08
ADBE,2017-12-09
ADBE,2017-12-11
ADBE,2017-12-12
ADBE,2017-12-13
ADBE,2017-12-14
ADBE,2017-12-15
ADBE,2017-12-18
ADBE,2017-12-20
ADBE,2017-12-21
ADBE,2017-12-27
ADBE,2017-12-28
ADBE,2017-12-29
ADBE,2018-01-03
ADBE,2018-01-04
ADBE,2018-01-06
ADBE,2018-01-09
ADBE,2018-01-11
ADBE,2018-01-12
ADBE,2018-01-15
ADBE,2018-01-19
ADBE,2018-01-20
ADBE,2018-01-22
ADBE,2018-01-23
ADBE,2018-01-24
ADBE,2018-01-29
ADBE,2018-01-30
ADBE,2018-01-31
ADBE,2018-02-07
ADBE,2018-02-13
ADBE,2018-02-16
ADBE,2018-02-20
ADBE,2018-02-22
ADBE,2018-02-23
ADBE,2018-02-26
ADBE,2018-02-27
ADBE,2018-02-28
ADBE,2018-03-02
ADBE,2018-03-06
ADBE,2018-03-07
ADBE,2018-03-08
ADBE,2018-03-09
ADBE,2018-03-12
ADBE,2018-03-13
ADBE,2018-03-14
ADBE,2018-03-15
ADBE,2018-03-16
ADBE,2018-03-19
ADBE,2018-03-20
ADBE,2018-03-21
ADBE,2018-03-23
ADBE,2018-03-26
ADBE,2018-03-27
ADBE,2018-03-29
ADBE,2018-04-02
ADBE,2018-04-04
ADBE,2018-04-06
ADBE,2018-04-09
ADBE,2018-04-13
ADBE,2018-04-16
ADBE,2018-04-17
ADBE,2018-04-18
ADBE,2018-04-25
ADBE,2018-04-26
ADBE,2018-04-27
ADBE,2018-04-30
ADBE,2018-05-01
ADBE,2018-05-03
ADBE,2018-05-04
ADBE,2018-05-07
ADBE,2018-05-10
ADBE,2018-05-11
ADBE,2018-05-15
ADBE,2018-05-16
ADBE,2018-05-18
ADBE,2018-05-22
ADBE,2018-05-23
ADBE,2018-05-24
ADBE,2018-05-25
ADBE,2018-05-26
ADBE,2018-05-29
ADBE,2018-05-30
ADBE,2018-05-31
ADBE,2018-06-01
ADBE,2018-06-02
ADBE,2018-06-04
ADBE,2018-06-05
ADBE,2018-06-06
ADBE,2018-06-07
ADBE,2018-06-08
ADBE,2018-06-09
ADBE,2018-06-10
ADBE,2018-06-11
ADBE,2018-06-12
ADBE,2018-06-13
ADBE,2018-06-14
ADBE,2018-06-15
ADBE,2018-06-18
ADBE,2018-06-19
ADBE,2018-06-20
ADBE,2018-06-21
ADBE,2018-06-22
ADBE,2018-06-24
ADBE,2018-06-25
ADBE,2018-06-26
ADBE,2018-06-28
ADBE,2018-06-29
ADBE,2018-07-02
ADBE,2018-07-04
ADBE,2018-07-05
ADBE,2018-07-09
ADBE,2018-07-10
ADBE,2018-07-12
ADBE,2018-07-13
ADBE,2018-07-15
ADBE,2018-07-16
ADBE,2018-07-17
ADBE,2018-07-18
ADBE,2018-07-19
ADBE,2018-07-20
ADBE,2018-07-23
ADBE,2018-07-24
ADBE,2018-07-25
ADBE,2018-07-26
ADBE,2018-07-27
ADBE,2018-07-30
ADBE,2018-07-31
ADBE,2018-08-01
ADBE,2018-08-02
ADBE,2018-08-03
ADBE,2018-08-06
ADBE,2018-08-07
ADBE,2018-08-08
ADBE,2018-08-09
ADBE,2018-08-10
ADBE,2018-08-13
ADBE,2018-08-14
ADBE,2018-08-15
ADBE,2018-08-17
ADBE,2018-08-23
ADBE,2018-08-24
ADBE,2018-08-27
ADBE,2018-08-28
ADBE,2018-08-30
ADBE,2018-08-31
ADBE,2018-09-03
ADBE,2018-09-04
ADBE,2018-09-05
ADBE,2018-09-07
ADBE,2018-09-08
ADBE,2018-09-09
ADBE,2018-09-10
ADBE,2018-09-11
ADBE,2018-09-13
ADBE,2018-09-14
ADBE,2018-09-17
ADBE,2018-09-18
ADBE,2018-09-19
ADBE,2018-09-20
ADBE,2018-09-21
ADBE,2018-09-24
ADBE,2018-09-25
ADBE,2018-09-26
ADBE,2018-09-27
ADBE,2018-09-28
ADBE,2018-10-01
ADBE,2018-10-02
ADBE,2018-10-03
ADBE,2018-10-04
ADBE,2018-10-05
ADBE,2018-10-08
ADBE,2018-10-09
ADBE,2018-10-11
ADBE,2018-10-13
ADBE,2018-10-15
ADBE,2018-10-16
ADBE,2018-10-17
ADBE,2018-10-18
ADBE,2018-10-19
ADBE,2018-10-22
ADBE,2018-10-23
ADBE,2018-10-25
ADBE,2018-10-26
ADBE,2018-10-30
ADBE,2018-10-31
ADBE,2018-11-01
ADBE,2018-11-02
ADBE,2018-11-05
ADBE,2018-11-06
ADBE,2018-11-07
ADBE,2018-11-09
ADBE,2018-11-12
ADBE,2018-11-13
ADBE,2018-11-14
ADBE,2018-11-15
ADBE,2018-11-18
ADBE,2018-11-19
ADBE,2018-11-20
ADBE,2018-11-21
ADBE,2018-11-26
ADBE,2018-11-27
ADBE,2018-11-28
ADBE,2018-11-29
ADBE,2018-12-03
ADBE,2018-12-04
ADBE,2018-12-06
ADBE,2018-12-07
ADBE,2018-12-08
ADBE,2018-12-10
ADBE,2018-12-11
ADBE,2018-12-13
ADBE,2018-12-14
ADBE,2018-12-15
ADBE,2018-12-16
ADBE,2018-12-17
ADBE,2018-12-18
ADBE,2018-12-19
ADBE,2018-12-20
ADBE,2018-12-21
ADBE,2018-12-24
ADBE,2018-12-26
ADBE,2018-12-27
ADBE,2018-12-28
ADBE,2018-12-31
ADBE,2019-01-02
ADBE,2019-01-03
ADBE,2019-01-06
ADBE,2019-01-08
ADBE,2019-01-09
ADBE,2019-01-11
ADBE,2019-01-12
ADBE,2019-01-14
ADBE,2019-01-15
ADBE,2019-01-16
ADBE,2019-01-17
ADBE,2019-01-22
ADBE,2019-01-23
ADBE,2019-01-24
ADBE,2019-01-25
ADBE,2019-01-29
ADBE,2019-01-30
ADBE,2019-01-31
ADBE,2019-02-01
ADBE,2019-02-04
ADBE,2019-02-06
ADBE,2019-02-07
ADBE,2019-02-11
ADBE,2019-02-12
ADBE,2019-02-13
ADBE,2019-02-15
ADBE,2019-02-19
ADBE,2019-02-20
ADBE,2019-02-21
ADBE,2019-02-26
ADBE,2019-02-27
ADBE,2019-02-28
ADBE,2019-03-01
ADBE,2019-03-04
ADBE,2019-03-05
ADBE,2019-03-11
ADBE,2019-03-12
ADBE,2019-03-14
ADBE,2019-03-15
ADBE,2019-03-16
ADBE,2019-03-18
ADBE,2019-03-19
ADBE,2019-03-20
ADBE,2019-03-21
ADBE,2019-03-23
ADBE,2019-03-26
ADBE,2019-03-27
ADBE,2019-03-28
ADBE,2019-03-29
ADBE,2019-03-30
ADBE,2019-04-01
ADBE,2019-04-03
ADBE,2019-04-05
ADBE,2019-04-07
ADBE,2019-04-10
ADBE,2019-04-11
ADBE,2019-04-12
ADBE,2019-04-15
ADBE,2019-04-16
ADBE,2019-04-17
ADBE,2019-04-18
ADBE,2019-04-22
ADBE,2019-04-26
ADBE,2019-04-29
ADBE,2019-05-02
ADBE,2019-05-03
ADBE,2019-05-08
ADBE,2019-05-10
ADBE,2019-05-15
ADBE,2019-05-16
ADBE,2019-05-17
ADBE,2019-05-21
ADBE,2019-05-22
ADBE,2019-05-23
ADBE,2019-05-24
ADBE,2019-05-28
ADBE,2019-05-29
ADBE,2019-05-30
ADBE,2019-06-03
ADBE,2019-06-04
ADBE,2019-06-05
ADBE,2019-06-07
ADBE,2019-06-12
ADBE,2019-06-14
ADBE,2019-06-16
ADBE,2019-06-18
ADBE,2019-06-19
ADBE,2019-06-20
ADBE,2019-06-21
ADBE,2019-06-23
ADBE,2019-06-24
ADBE,2019-06-25
ADBE,2019-06-26
ADBE,2019-06-27
ADBE,2019-06-28
ADBE,2019-06-30
ADBE,2019-07-02
ADBE,2019-07-03
ADBE,2019-07-04
ADBE,2019-07-05
ADBE,2019-07-07
ADBE,2019-07-09
ADBE,2019-07-10
ADBE,2019-07-15
ADBE,2019-07-16
ADBE,2019-07-18
ADBE,2019-07-19
ADBE,2019-07-22
ADBE,2019-07-23
ADBE,2019-07-25
ADBE,2019-07-26
ADBE,2019-07-27
ADBE,2019-07-29
ADBE,2019-07-30
ADBE,2019-08-03
ADBE,2019-08-05
ADBE,2019-08-06
ADBE,2019-08-08
ADBE,2019-08-14
ADBE,2019-08-15
ADBE,2019-08-22
ADBE,2019-08-26
ADBE,2019-08-28
ADBE,2019-09-04
ADBE,2019-09-09
ADBE,2019-09-10
ADBE,2019-09-11
ADBE,2019-09-13
ADBE,2019-09-14
ADBE,2019-09-15
ADBE,2019-09-16
ADBE,2019-09-17
ADBE,2019-09-18
ADBE,2019-09-24
ADBE,2019-09-26
ADBE,2019-09-27
ADBE,2019-09-28
ADBE,2019-09-30
ADBE,2019-10-01
ADBE,2019-10-03
ADBE,2019-10-04
ADBE,2019-10-08
ADBE,2019-10-10
ADBE,2019-10-11
ADBE,2019-10-14
ADBE,2019-10-16
ADBE,2019-10-17
ADBE,2019-10-22
ADBE,2019-10-23
ADBE,2019-10-24
ADBE,2019-10-25
ADBE,2019-11-02
ADBE,2019-11-04
ADBE,2019-11-05
ADBE,2019-11-07
ADBE,2019-11-13
ADBE,2019-11-15
ADBE,2019-11-17
ADBE,2019-11-18
ADBE,2019-11-25
ADBE,2019-11-26
ADBE,2019-11-27
ADBE,2019-11-29
ADBE,2019-12-01
ADBE,2019-12-03
ADBE,2019-12-05
ADBE,2019-12-06
ADBE,2019-12-08
ADBE,2019-12-09
ADBE,2019-12-11
ADBE,2019-12-12
ADBE,2019-12-13
ADBE,2019-12-14
ADBE,2019-12-16
ADBE,2019-12-17
ADBE,2019-12-19
ADBE,2019-12-20
ADBE,2019-12-23
ADBE,2019-12-26
ADBE,2019-12-27
ADBE,2019-12-30
ADBE,2019-12-31
ADBE,2020-01-04
ADBE,2020-01-06
ADBE,2020-01-08
ADBE,2020-01-09
ADBE,2020-01-10
ADBE,2020-01-13
ADBE,2020-01-15
ADBE,2020-01-17
ADBE,2020-01-18
ADBE,2020-01-23
ADBE,2020-01-24
ADBE,2020-01-25
ADBE,2020-01-27
ADBE,2020-01-30
ADBE,2020-02-05
ADBE,2020-02-06
ADBE,2020-02-07
ADBE,2020-02-09
ADBE,2020-02-10
ADBE,2020-02-13
ADBE,2020-02-14
ADBE,2020-02-18
ADBE,2020-02-21
ADBE,2020-02-23
ADBE,2020-02-24
ADBE,2020-02-25
ADBE,2020-02-26
ADBE,2020-02-27
ADBE,2020-03-02
ADBE,2020-03-03
ADBE,2020-03-04
ADBE,2020-03-05
ADBE,2020-03-08
ADBE,2020-03-09
ADBE,2020-03-10
ADBE,2020-03-11
ADBE,2020-03-12
ADBE,2020-03-13
ADBE,2020-03-17
ADBE,2020-03-19
ADBE,2020-03-20
ADBE,2020-03-25
ADBE,2020-03-27
ADBE,2020-03-31
ADBE,2020-04-02
ADBE,2020-04-06
ADBE,2020-04-07
ADBE,2020-04-09
ADBE,2020-04-13
ADBE,2020-04-16
ADBE,2020-04-17
ADBE,2020-04-22
ADBE,2020-04-23
ADBE,2020-04-24
ADBE,2020-04-27
ADBE,2020-04-28
ADBE,2020-04-29
ADBE,2020-05-01
ADBE,2020-05-05
ADBE,2020-05-11
ADBE,2020-05-14
ADBE,2020-05-16
ADBE,2020-05-17
ADBE,2020-05-18
ADBE,2020-05-22
ADBE,2020-05-26
ADBE,2020-05-27
ADBE,2020-05-31
ADBE,2020-06-01
ADBE,2020-06-04
ADBE,2020-06-07
ADBE,2020-06-08
ADBE,2020-06-09
ADBE,2020-06-11
ADBE,2020-06-12
ADBE,2020-06-15
ADBE,2020-06-16
ADBE,2020-06-17
ADBE,2020-06-19
ADBE,2020-06-22
ADBE,2020-06-23
ADBE,2020-06-24
ADBE,2020-06-25
ADBE,2020-06-26
ADBE,2020-07-01
ADBE,2020-07-02
ADBE,2020-07-05
ADBE,2020-07-06
ADBE,2020-07-07
ADBE,2020-07-08
ADBE,2020-07-13
ADBE,2020-07-14
ADBE,2020-07-15
ADBE,2020-07-16
ADBE,2020-07-18
ADBE,2020-07-20
ADBE,2020-07-21
ADBE,2020-07-22
ADBE,2020-07-24
ADBE,2020-07-29
ADBE,2020-07-30
ADBE,2020-08-05
ADBE,2020-08-10
ADBE,2020-08-12
ADBE,2020-08-14
ADBE,2020-08-15
ADBE,2020-08-17
ADBE,2020-08-18
ADBE,2020-08-19
ADBE,2020-08-21
ADBE,2020-08-25
ADBE,2020-08-26
ADBE,2020-08-27
ADBE,2020-08-30
ADBE,2020-09-01
ADBE,2020-09-03
ADBE,2020-09-04
ADBE,2020-09-05
ADBE,2020-09-08
ADBE,2020-09-09
ADBE,2020-09-10
ADBE,2020-09-13
ADBE,2020-09-14
ADBE,2020-09-15
ADBE,2020-09-16
ADBE,2020-09-17
ADBE,2020-09-18
ADBE,2020-09-21
ADBE,2020-09-22
ADBE,2020-09-24
ADBE,2020-09-25
ADBE,2020-09-28
ADBE,2020-09-30
ADBE,2020-10-07
ADBE,2020-10-09
ADBE,2020-10-12
ADBE,2020-10-15
ADBE,2020-10-18
ADBE,2020-10-19
ADBE,2020-10-21
ADBE,2020-10-24
ADBE,2020-10-27
ADBE,2020-10-28
ADBE,2020-10-29
ADBE,2020-11-02
ADBE,2020-11-04
ADBE,2020-11-05
ADBE,2020-11-09
ADBE,2020-11-10
ADBE,2020-11-12
ADBE,2020-11-16
ADBE,2020-11-18
ADBE,2020-11-19
ADBE,2020-11-20
ADBE,2020-11-23
ADBE,2020-11-25
ADBE,2020-11-26
ADBE,2020-11-27
ADBE,2020-11-28
ADBE,2020-11-30
ADBE,2020-12-01
ADBE,2020-12-02
ADBE,2020-12-03
ADBE,2020-12-04
ADBE,2020-12-06
ADBE,2020-12-07
ADBE,2020-12-08
ADBE,2020-12-09
ADBE,2020-12-10
ADBE,2020-12-11
ADBE,2020-12-13
ADBE,2020-12-14
ADBE,2020-12-15
ADBE,2020-12-16
ADBE,2020-12-17
ADBE,2020-12-18
ADBE,2020-12-22
ADBE,2020-12-23
ADBE,2020-12-24
ADBE,2020-12-30
ADBE,2020-12-31
ADBE,2021-01-01
ADBE,2021-01-04
ADBE,2021-01-05
ADBE,2021-01-06
ADBE,2021-01-08
ADBE,2021-01-09
ADBE,2021-01-13
ADBE,2021-01-15
ADBE,2021-01-18
ADBE,2021-01-20
ADBE,2021-01-21
ADBE,2021-01-22
ADBE,2021-01-25
ADBE,2021-01-27
ADBE,2021-01-28
ADBE,2021-01-29
ADBE,2021-02-01
ADBE,2021-02-02
ADBE,2021-02-05
ADBE,2021-02-07
ADBE,2021-02-08
ADBE,2021-02-12
ADBE,2021-02-16
ADBE,2021-02-17
ADBE,2021-02-18
ADBE,2021-02-19
ADBE,2021-02-22
ADBE,2021-02-23
ADBE,2021-02-24
ADBE,2021-02-25
ADBE,2021-02-26
ADBE,2021-02-28
ADBE,2021-03-01
ADBE,2021-03-02
ADBE,2021-03-04
ADBE,2021-03-08
ADBE,2021-03-09
ADBE,2021-03-10
ADBE,2021-03-11
ADBE,2021-03-14
ADBE,2021-03-15
ADBE,2021-03-16
ADBE,2021-03-18
ADBE,2021-03-20
ADBE,2021-03-21
ADBE,2021-03-22
ADBE,2021-03-23
ADBE,2021-03-24
ADBE,2021-03-25
ADBE,2021-03-26
ADBE,2021-03-27
ADBE,2021-03-28
ADBE,2021-03-30
ADBE,2021-03-31
ADBE,2021-04-01
ADBE,2021-04-02
ADBE,2021-04-05
ADBE,2021-04-08
ADBE,2021-04-09
ADBE,2021-04-12
ADBE,2021-04-14
ADBE,2021-04-15
ADBE,2021-04-17
ADBE,2021-04-19
ADBE,2021-04-21
ADBE,2021-04-22
ADBE,2021-04-23
ADBE,2021-04-27
ADBE,2021-04-28
ADBE,2021-04-29
ADBE,2021-05-04
ADBE,2021-05-05
ADBE,2021-05-07
ADBE,2021-05-08
ADBE,2021-05-09
ADBE,2021-05-10
ADBE,2021-05-11
ADBE,2021-05-13
ADBE,2021-05-17
ADBE,2021-05-20
ADBE,2021-05-21
ADBE,2021-05-25
ADBE,2021-05-26
ADBE,2021-05-27
ADBE,2021-05-28
ADBE,2021-06-01
ADBE,2021-06-02
ADBE,2021-06-03
ADBE,2021-06-04
ADBE,2021-06-05
ADBE,2021-06-06
ADBE,2021-06-07
ADBE,2021-06-08
ADBE,2021-06-09
ADBE,2021-06-10
ADBE,2021-06-11
ADBE,2021-06-13
ADBE,2021-06-14
ADBE,2021-06-16
ADBE,2021-06-17
ADBE,2021-06-18
ADBE,2021-06-21
ADBE,2021-06-22
ADBE,2021-06-23
ADBE,2021-06-24
ADBE,2021-06-25
ADBE,2021-06-26
ADBE,2021-06-28
ADBE,2021-06-29
ADBE,2021-07-01
ADBE,2021-07-04
ADBE,2021-07-06
ADBE,2021-07-07
ADBE,2021-07-09
ADBE,2021-07-12
ADBE,2021-07-14
ADBE,2021-07-16
ADBE,2021-07-17
ADBE,2021-07-18
ADBE,2021-07-19
ADBE,2021-07-20
ADBE,2021-07-21
ADBE,2021-07-22
ADBE,2021-07-23
ADBE,2021-07-26
ADBE,2021-07-29
ADBE,2021-07-30
ADBE,2021-08-04
ADBE,2021-08-05
ADBE,2021-08-06
ADBE,2021-08-09
ADBE,2021-08-12
ADBE,2021-08-17
ADBE,2021-08-18
ADBE,2021-08-19
ADBE,2021-08-23
ADBE,2021-08-25
ADBE,2021-08-27
ADBE,2021-08-28
ADBE,2021-09-01
ADBE,2021-09-02
ADBE,2021-09-07
ADBE,2021-09-08
ADBE,2021-09-09
ADBE,2021-09-10
ADBE,2021-09-11
ADBE,2021-09-13
ADBE,2021-09-14
ADBE,2021-09-15
ADBE,2021-09-16
ADBE,2021-09-17
ADBE,2021-09-18
ADBE,2021-09-19
ADBE,2021-09-20
ADBE,2021-09-21
ADBE,2021-09-22
ADBE,2021-09-23
ADBE,2021-09-24
ADBE,2021-09-25
ADBE,2021-09-26
ADBE,2021-09-27
ADBE,2021-09-28
ADBE,2021-09-30
ADBE,2021-10-01
ADBE,2021-10-02
ADBE,2021-10-03
ADBE,2021-10-05
ADBE,2021-10-07
ADBE,2021-10-08
ADBE,2021-10-11
ADBE,2021-10-12
ADBE,2021-10-13
ADBE,2021-10-15
ADBE,2021-10-16
ADBE,2021-10-18
ADBE,2021-10-19
ADBE,2021-10-20
ADBE,2021-10-21
ADBE,2021-10-25
ADBE,2021-10-26
ADBE,2021-10-28
ADBE,2021-10-29
ADBE,2021-11-01
ADBE,2021-11-02
ADBE,2021-11-03
ADBE,2021-11-04
ADBE,2021-11-05
ADBE,2021-11-06
ADBE,2021-11-09
ADBE,2021-11-10
ADBE,2021-11-11
ADBE,2021-11-12
ADBE,2021-11-13
ADBE,2021-11-15
ADBE,2021-11-17
ADBE,2021-11-18
ADBE,2021-11-20
ADBE,2021-11-21
ADBE,2021-11-22
ADBE,2021-11-23
ADBE,2021-11-29
ADBE,2021-11-30
ADBE,2021-12-01
ADBE,2021-12-02
ADBE,2021-12-03
ADBE,2021-12-06
ADBE,2021-12-07
ADBE,2021-12-08
ADBE,2021-12-09
ADBE,2021-12-12
ADBE,2021-12-13
ADBE,2021-12-14
ADBE,2021-12-15
ADBE,2021-12-16
ADBE,2021-12-17
ADBE,2021-12-18
ADBE,2021-12-20
ADBE,2021-12-21
ADBE,2021-12-22
ADBE,2021-12-23
ADBE,2021-12-27
ADBE,2021-12-28
ADBE,2021-12-30
ADBE,2021-12-31
ADBE,2022-01-04
ADBE,2022-01-05
ADBE,2022-01-06
ADBE,2022-01-08
ADBE,2022-01-09
ADBE,2022-01-11
ADBE,2022-01-12
ADBE,2022-01-13
ADBE,2022-01-14
ADBE,2022-01-15
ADBE,2022-01-16
ADBE,2022-01-18
ADBE,2022-01-20
ADBE,2022-01-24
ADBE,2022-01-25
ADBE,2022-01-26
ADBE,2022-01-28
ADBE,2022-01-30
ADBE,2022-01-31
ADBE,2022-02-01
ADBE,2022-02-02
ADBE,2022-02-03
ADBE,2022-02-04
ADBE,2022-02-07
ADBE,2022-02-08
ADBE,2022-02-09
ADBE,2022-02-10
ADBE,2022-02-11
ADBE,2022-02-12
ADBE,2022-02-14
ADBE,2022-02-15
ADBE,2022-02-16
ADBE,2022-02-17
ADBE,2022-02-18
ADBE,2022-02-21
ADBE,2022-02-23
ADBE,2022-02-24
ADBE,2022-02-25
ADBE,2022-02-27
ADBE,2022-02-28
ADBE,2022-03-01
ADBE,2022-03-03
ADBE,2022-03-04
ADBE,2022-03-06
ADBE,2022-03-07
ADBE,2022-03-09
ADBE,2022-03-10
ADBE,2022-03-11
ADBE,2022-03-14
ADBE,2022-03-15
ADBE,2022-03-17
ADBE,2022-03-18
ADBE,2022-03-20
ADBE,2022-03-21
ADBE,2022-03-22
ADBE,2022-03-23
ADBE,2022-03-24
ADBE,2022-03-25
ADBE,2022-03-27
ADBE,2022-03-28
ADBE,2022-03-30
ADBE,2022-03-31
ADBE,2022-04-01
ADBE,2022-04-03
ADBE,2022-04-04
ADBE,2022-04-06
ADBE,2022-04-08
ADBE,2022-04-10
ADBE,2022-04-11
ADBE,2022-04-12
ADBE,2022-04-13
ADBE,2022-04-14
ADBE,2022-04-15
ADBE,2022-04-18
ADBE,2022-04-19
ADBE,2022-04-21
ADBE,2022-04-22
ADBE,2022-04-23
ADBE,2022-04-25
ADBE,2022-04-26
ADBE,2022-04-27
ADBE,2022-04-29
ADBE,2022-05-02
ADBE,2022-05-03
ADBE,2022-05-05
ADBE,2022-05-06
ADBE,2022-05-08
ADBE,2022-05-09
ADBE,2022-05-10
ADBE,2022-05-11
ADBE,2022-05-12
ADBE,2022-05-13
ADBE,2022-05-16
ADBE,2022-05-17
ADBE,2022-05-18
ADBE,2022-05-20
ADBE,2022-05-21
ADBE,2022-05-23
ADBE,2022-05-24
ADBE,2022-05-25
ADBE,2022-05-26
ADBE,2022-05-27
ADBE,2022-05-31
ADBE,2022-06-01
ADBE,2022-06-02
ADBE,2022-06-03
ADBE,2022-06-06
ADBE,2022-06-07
ADBE,2022-06-09
ADBE,2022-06-10
ADBE,2022-06-11
ADBE,2022-06-12
ADBE,2022-06-13
ADBE,2022-06-14
ADBE,2022-06-15
ADBE,2022-06-16
ADBE,2022-06-17
ADBE,2022-06-21
ADBE,2022-06-22
ADBE,2022-06-23
ADBE,2022-06-24
ADBE,2022-06-25
ADBE,2022-06-27
ADBE,2022-06-29
ADBE,2022-06-30
ADBE,2022-07-01
ADBE,2022-07-06
ADBE,2022-07-07
ADBE,2022-07-08
ADBE,2022-07-11
ADBE,2022-07-12
ADBE,2022-07-13
ADBE,2022-07-14
ADBE,2022-07-15
ADBE,2022-07-17
ADBE,2022-07-19
ADBE,2022-07-20
ADBE,2022-07-22
ADBE,2022-07-24
ADBE,2022-07-25
ADBE,2022-07-27
ADBE,2022-07-29
ADBE,2022-08-01
ADBE,2022-08-02
ADBE,2022-08-04
ADBE,2022-08-09
ADBE,2022-08-10
ADBE,2022-08-11
ADBE,2022-08-12
ADBE,2022-08-13
ADBE,2022-08-15
ADBE,2022-08-16
ADBE,2022-08-17
ADBE,2022-08-18
ADBE,2022-08-19
ADBE,2022-08-20
ADBE,2022-08-22
ADBE,2022-08-23
ADBE,2022-08-24
ADBE,2022-08-26
ADBE,2022-08-28
ADBE,2022-08-29
ADBE,2022-08-30
ADBE,2022-08-31
ADBE,2022-09-01
ADBE,2022-09-02
ADBE,2022-09-06
ADBE,2022-09-07
ADBE,2022-09-08
ADBE,2022-09-09
ADBE,2022-09-10
ADBE,2022-09-11
ADBE,2022-09-12
ADBE,2022-09-13
ADBE,2022-09-14
ADBE,2022-09-15
ADBE,2022-09-16
ADBE,2022-09-17
ADBE,2022-09-19
ADBE,2022-09-20
ADBE,2022-09-21
ADBE,2022-09-22
ADBE,2022-09-23
ADBE,2022-09-24
ADBE,2022-09-25
ADBE,2022-09-26
ADBE,2022-09-27
ADBE,2022-09-28
ADBE,2022-09-29
ADBE,2022-09-30
ADBE,2022-10-04
ADBE,2022-10-05
ADBE,2022-10-06
ADBE,2022-10-07
ADBE,2022-10-09
ADBE,2022-10-10
ADBE,2022-10-11
ADBE,2022-10-12
ADBE,2022-10-13
ADBE,2022-10-14
ADBE,2022-10-15
ADBE,2022-10-17
ADBE,2022-10-18
ADBE,2022-10-19
ADBE,2022-10-20
ADBE,2022-10-21
ADBE,2022-10-22
ADBE,2022-10-24
ADBE,2022-10-25
ADBE,2022-10-26
ADBE,2022-10-27
ADBE,2022-10-30
ADBE,2022-10-31
ADBE,2022-11-01
ADBE,2022-11-02
ADBE,2022-11-04
ADBE,2022-11-07
ADBE,2022-11-08
ADBE,2022-11-09
ADBE,2022-11-10
ADBE,2022-11-11
ADBE,2022-11-13
ADBE,2022-11-14
ADBE,2022-11-15
ADBE,2022-11-16
ADBE,2022-11-17
ADBE,2022-11-18
ADBE,2022-11-20
ADBE,2022-11-21
ADBE,2022-11-22
ADBE,2022-11-23
ADBE,2022-11-25
ADBE,2022-11-26
ADBE,2022-11-27
ADBE,2022-11-28
ADBE,2022-11-29
ADBE,2022-11-30
ADBE,2022-12-01
ADBE,2022-12-02
ADBE,2022-12-03
ADBE,2022-12-04
ADBE,2022-12-06
ADBE,2022-12-07
ADBE,2022-12-08
ADBE,2022-12-12
ADBE,2022-12-13
ADBE,2022-12-14
ADBE,2022-12-15
ADBE,2022-12-16
ADBE,2022-12-17
ADBE,2022-12-18
ADBE,2022-12-19
ADBE,2022-12-21
ADBE,2022-12-22
ADBE,2022-12-27
ADBE,2022-12-28
ADBE,2022-12-29
ADBE,2022-12-30
ADBE,2023-01-01
ADBE,2023-01-02
ADBE,2023-01-04
ADBE,2023-01-05
ADBE,2023-01-06
ADBE,2023-01-09
ADBE,2023-01-10
ADBE,2023-01-11
ADBE,2023-01-12
ADBE,2023-01-13
ADBE,2023-01-16
ADBE,2023-01-17
ADBE,2023-01-18
ADBE,2023-01-20
ADBE,2023-01-23
ADBE,2023-01-25
ADBE,2023-01-26
ADBE,2023-01-27
ADBE,2023-01-30
ADBE,2023-02-01
ADBE,2023-02-02
ADBE,2023-02-03
ADBE,2023-02-06
ADBE,2023-02-07
ADBE,2023-02-09
ADBE,2023-02-12
ADBE,2023-02-13
ADBE,2023-02-14
ADBE,2023-02-15
ADBE,2023-02-16
ADBE,2023-02-17
ADBE,2023-02-19
ADBE,2023-02-20
ADBE,2023-02-21
ADBE,2023-02-22
ADBE,2023-02-23
ADBE,2023-02-24
ADBE,2023-02-25
ADBE,2023-02-27
ADBE,2023-02-28
ADBE,2023-03-01
ADBE,2023-03-02
ADBE,2023-03-03
ADBE,2023-03-04
ADBE,2023-03-06
ADBE,2023-03-07
ADBE,2023-03-08
ADBE,2023-03-09
ADBE,2023-03-10
ADBE,2023-03-11
ADBE,2023-03-12
ADBE,2023-03-13
ADBE,2023-03-15
ADBE,2023-03-16
ADBE,2023-03-17
ADBE,2023-03-19
ADBE,2023-03-20
ADBE,2023-03-21
ADBE,2023-03-22
ADBE,2023-03-23
ADBE,2023-03-24
ADBE,2023-03-27
ADBE,2023-03-28
ADBE,2023-03-29
ADBE,2023-03-30
ADBE,2023-03-31
ADBE,2023-04-01
ADBE,2023-04-02
ADBE,2023-04-03
ADBE,2023-04-04
ADBE,2023-04-05
ADBE,2023-04-06
ADBE,2023-04-07
ADBE,2023-04-10
ADBE,2023-04-11
ADBE,2023-04-12
ADBE,2023-04-13
ADBE,2023-04-14
ADBE,2023-04-15
ADBE,2023-04-16
ADBE,2023-04-17
ADBE,2023-04-18
ADBE,2023-04-19
ADBE,2023-04-20
ADBE,2023-04-21
ADBE,2023-04-23
ADBE,2023-04-24
ADBE,2023-04-25
ADBE,2023-04-26
ADBE,2023-04-27
ADBE,2023-04-28
ADBE,2023-05-01
ADBE,2023-05-02
ADBE,2023-05-03
ADBE,2023-05-04
ADBE,2023-05-05
ADBE,2023-05-08
ADBE,2023-05-15
ADBE,2023-05-16
ADBE,2023-05-17
ADBE,2023-05-18
ADBE,2023-05-19
ADBE,2023-05-22
ADBE,2023-05-23
ADBE,2023-05-24
ADBE,2023-05-25
ADBE,2023-05-26
ADBE,2023-05-28
ADBE,2023-05-29
ADBE,2023-05-30
ADBE,2023-05-31
ADBE,2023-06-01
ADBE,2023-06-02
ADBE,2023-06-04
ADBE,2023-06-05
ADBE,2023-06-06
ADBE,2023-06-07
ADBE,2023-06-08
ADBE,2023-06-09
ADBE,2023-06-10
ADBE,2023-06-11
ADBE,2023-06-12
ADBE,2023-06-13
ADBE,2023-06-14
ADBE,2023-06-15
ADBE,2023-06-16
ADBE,2023-06-18
ADBE,2023-06-19
ADBE,2023-06-20
ADBE,2023-06-21
ADBE,2023-06-22
ADBE,2023-06-23
ADBE,2023-06-25
ADBE,2023-06-26
ADBE,2023-06-27
ADBE,2023-06-28
ADBE,2023-06-29
ADBE,2023-06-30
ADBE,2023-07-01
ADBE,2023-07-03
ADBE,2023-07-04
ADBE,2023-07-05
ADBE,2023-07-06
ADBE,2023-07-07
ADBE,2023-07-08
ADBE,2023-07-09
ADBE,2023-07-10
ADBE,2023-07-11
ADBE,2023-07-12
ADBE,2023-07-13
ADBE,2023-07-14
ADBE,2023-07-15
ADBE,2023-07-16
ADBE,2023-07-17
ADBE,2023-07-18
ADBE,2023-07-19
ADBE,2023-07-20
ADBE,2023-07-21
ADBE,2023-07-23
ADBE,2023-07-24
ADBE,2023-07-25
ADBE,2023-07-26
ADBE,2023-07-27
ADBE,2023-07-28
ADBE,2023-07-30
ADBE,2023-07-31
ADBE,2023-08-01
ADBE,2023-08-02
ADBE,2023-08-03
ADBE,2023-08-04
ADBE,2023-08-06
ADBE,2023-08-07
ADBE,2023-08-08
ADBE,2023-08-09
ADBE,2023-08-10
ADBE,2023-08-11
ADBE,2023-08-13
ADBE,2023-08-14
ADBE,2023-08-15
ADBE,2023-08-16
ADBE,2023-08-17
ADBE,2023-08-22
ADBE,2023-08-23
ADBE,2023-08-24
ADBE,2023-08-25
ADBE,2023-08-28
ADBE,2023-08-29
ADBE,2023-08-30
ADBE,2023-08-31
ADBE,2023-09-01
ADBE,2023-09-02
ADBE,2023-09-03
ADBE,2023-09-04
ADBE,2023-09-05
ADBE,2023-09-06
ADBE,2023-09-07
ADBE,2023-09-08
ADBE,2023-09-09
ADBE,2023-09-10
ADBE,2023-09-11
ADBE,2023-09-12
ADBE,2023-09-13
ADBE,2023-09-14
ADBE,2023-09-15
ADBE,2023-09-17
ADBE,2023-09-18
ADBE,2023-09-19
ADBE,2023-09-20
ADBE,2023-09-21
ADBE,2023-09-22
ADBE,2023-09-23
ADBE,2023-09-25
ADBE,2023-09-26
ADBE,2023-09-27
ADBE,2023-09-28
ADBE,2023-09-29
ADBE,2023-09-30
ADBE,2023-10-01
ADBE,2023-10-02
ADBE,2023-10-03
ADBE,2023-10-04
ADBE,2023-10-05
ADBE,2023-10-06
ADBE,2023-10-09
ADBE,2023-10-10
ADBE,2023-10-11
ADBE,2023-10-12
ADBE,2023-10-13
ADBE,2023-10-15
ADBE,2023-10-16
ADBE,2023-10-17
ADBE,2023-10-18
ADBE,2023-10-19
ADBE,2023-10-20
ADBE,2023-10-22
ADBE,2023-10-23
ADBE,2023-10-24
ADBE,2023-10-25
ADBE,2023-10-26
ADBE,2023-10-27
ADBE,2023-10-28
ADBE,2023-10-29
ADBE,2023-10-30
ADBE,2023-10-31
ADBE,2023-11-01
ADBE,2023-11-02
ADBE,2023-11-03
ADBE,2023-11-05
ADBE,2023-11-06
ADBE,2023-11-07
ADBE,2023-11-08
ADBE,2023-11-09
ADBE,2023-11-10
ADBE,2023-11-12
ADBE,2023-11-13
ADBE,2023-11-14
ADBE,2023-11-15
ADBE,2023-11-16
ADBE,2023-11-17
ADBE,2023-11-19
ADBE,2023-11-20
ADBE,2023-11-21
ADBE,2023-11-22
ADBE,2023-11-23
ADBE,2023-11-24
ADBE,2023-11-26
ADBE,2023-11-27
ADBE,2023-11-28
ADBE,2023-11-29
ADBE,2023-11-30
ADBE,2023-12-01
ADBE,2023-12-02
ADBE,2023-12-03
ADBE,2023-12-04
ADBE,2023-12-05
ADBE,2023-12-06
ADBE,2023-12-07
ADBE,2023-12-08
ADBE,2023-12-09
ADBE,2023-12-10
ADBE,2023-12-11
ADBE,2023-12-12
ADBE,2023-12-13
ADBE,2023-12-14
ADBE,2023-12-15
ADBE,2023-12-16
ADBE,2024-10-10
ADBE,2024-10-11
ADBE,2024-10-14
ADBE,2024-10-15
ADBE,2024-10-16
ADBE,2024-10-17
ADBE,2024-10-18
ADBE,2024-10-20
ADBE,2024-10-21
ADBE,2024-10-22
ADBE,2024-10-23
ADBE,2024-10-24
ADBE,2024-10-25
ADBE,2024-10-26
ADBE,2024-10-27
ADBE,2024-10-28
ADBE,2024-10-29
ADBE,2024-10-30
ADBE,2024-10-31
ADBE,2024-11-01
ADBE,2024-11-03
ADBE,2024-11-04
ADBE,2024-11-05
ADBE,2024-11-06
ADBE,2024-11-07
ADBE,2024-11-08
ADBE,2024-11-10
ADBE,2024-11-11
ADBE,2024-11-12
ADBE,2024-11-13
ADBE,2024-11-14
ADBE,2024-11-15
ADBE,2024-11-16
ADBE,2024-11-17
ADBE,2024-11-18
ADBE,2024-11-19
ADBE,2024-11-20
ADBE,2024-11-21
ADBE,2024-11-22
ADBE,2024-11-24
ADBE,2024-11-25
ADBE,2024-11-26
ADBE,2024-11-27
ADBE,2024-11-28
ADBE,2024-11-29
ADBE,2024-12-01
ADBE,2024-12-02
ADBE,2024-12-03
ADBE,2024-12-04
ADBE,2024-12-05
ADBE,2024-12-06
ADBE,2024-12-08
ADBE,2024-12-09
ADBE,2024-12-10
ADBE,2024-12-11
ADBE,2024-12-12
ADBE,2024-12-13
ADBE,2024-12-15
ADBE,2024-12-16
ADBE,2024-12-17
ADBE,2024-12-18
ADBE,2024-12-19
ADBE,2024-12-20
ADBE,2024-12-22
ADBE,2024-12-23
ADBE,2024-12-24
ADBE,2024-12-25
ADBE,2024-12-26
ADBE,2024-12-27
ADBE,2024-12-28
ADBE,2024-12-29
ADBE,2024-12-31
ADBE,2025-01-01
ADBE,2025-01-02
ADBE,2025-01-03
ADBE,2025-01-06
ADBE,2025-01-07
ADBE,2025-01-08
ADBE,2025-01-09
ADBE,2025-01-10
ADBE,2025-01-11
ADBE,2025-01-12
ADBE,2025-01-13
ADBE,2025-01-14
ADBE,2025-01-15
ADBE,2025-01-16
ADBE,2025-01-17
ADBE,2025-01-19
ADBE,2025-01-20
ADBE,2025-01-21
ADBE,2025-01-22
ADBE,2025-01-23
ADBE,2025-01-24
ADBE,2025-01-26
ADBE,2025-01-27
ADBE,2025-01-28
ADBE,2025-01-29
ADBE,2025-01-30
ADBE,2025-01-31
ADBE,2025-02-02
ADBE,2025-02-03
ADBE,2025-02-04
ADBE,2025-02-05
ADBE,2025-02-06
ADBE,2025-02-07
ADBE,2025-02-08
ADBE,2025-02-09
ADBE,2025-02-11
ADBE,2025-02-12
ADBE,2025-02-13
ADBE,2025-02-14
ADBE,2025-02-15
ADBE,2025-02-16
ADBE,2025-02-17
ADBE,2025-02-18
ADBE,2025-02-19
ADBE,2025-02-20
ADBE,2025-02-21
ADBE,2025-02-23
ADBE,2025-02-24
ADBE,2025-02-25
ADBE,2025-02-26
ADBE,2025-02-27
ADBE,2025-02-28
ADBE,2025-03-02
ADBE,2025-03-03
ADBE,2025-03-05
ADBE,2025-03-06
ADBE,2025-03-07
ADBE,2025-03-08
ADBE,2025-03-09
ADBE,2025-03-10
ADBE,2025-03-11
ADBE,2025-03-12
ADBE,2025-03-13
ADBE,2025-03-14
ADBE,2025-03-16
ADBE,2025-03-17
ADBE,2025-03-18
ADBE,2025-03-19
ADBE,2025-03-20
ADBE,2025-03-21
ADBE,2025-03-23
ADBE,2025-03-24
ADBE,2025-03-25
ADBE,2025-03-26
ADBE,2025-03-27
ADBE,2025-03-28
ADBE,2025-03-29
ADBE,2025-03-30
ADBE,2025-04-02
ADBE,2025-04-03
ADBE,2025-04-04
ADBE,2025-04-05
ADBE,2025-04-06
ADBE,2025-04-07
ADBE,2025-04-08
ADBE,2025-04-09
ADBE,2025-04-10
ADBE,2025-04-11
ADBE,2025-04-13
ADBE,2025-04-14
ADBE,2025-04-15
ADBE,2025-04-16
ADBE,2025-04-17
ADBE,2025-04-18
COST,2010-02-17
COST,2010-03-03
COST,2010-04-08
COST,2010-05-06
COST,2010-05-18
COST,2010-05-21
COST,2010-05-27
COST,2010-06-03
COST,2010-06-04
COST,2010-07-09
COST,2010-07-27
COST,2010-08-05
COST,2010-09-02
COST,2010-09-08
COST,2010-09-15
COST,2010-09-18
COST,2010-09-21
COST,2010-09-27
COST,2010-10-01
COST,2010-10-04
COST,2010-10-06
COST,2010-10-07
COST,2010-10-11
COST,2010-11-16
COST,2010-11-26
COST,2010-12-01
COST,2010-12-02
COST,2010-12-03
COST,2010-12-07
COST,2010-12-08
COST,2010-12-14
COST,2010-12-19
COST,2010-12-22
COST,2010-12-23
COST,2010-12-30
COST,2010-12-31
COST,2011-01-05
COST,2011-01-11
COST,2011-01-20
COST,2011-01-26
COST,2011-01-28
COST,2011-02-01
COST,2011-02-03
COST,2011-02-05
COST,2011-02-09
COST,2011-02-11
COST,2011-02-12
COST,2011-02-15
COST,2011-02-22
COST,2011-02-24
COST,2011-02-25
COST,2011-02-26
COST,2011-03-02
COST,2011-03-05
COST,2011-03-08
COST,2011-03-25
COST,2011-03-29
COST,2011-03-30
COST,2011-04-02
COST,2011-04-05
COST,2011-04-08
COST,2011-04-21
COST,2011-04-25
COST,2011-04-26
COST,2011-04-29
COST,2011-05-25
COST,2011-05-27
COST,2011-06-01
COST,2011-06-03
COST,2011-06-10
COST,2011-06-15
COST,2011-06-21
COST,2011-06-22
COST,2011-07-06
COST,2011-07-26
COST,2011-07-27
COST,2011-08-04
COST,2011-08-09
COST,2011-08-10
COST,2011-08-16
COST,2011-09-01
COST,2011-09-30
COST,2011-10-03
COST,2011-10-05
COST,2011-10-13
COST,2011-11-21
COST,2011-11-29
COST,2011-12-02
COST,2011-12-05
COST,2011-12-06
COST,2011-12-07
COST,2011-12-08
COST,2011-12-09
COST,2011-12-12
COST,2011-12-13
COST,2011-12-20
COST,2011-12-30
COST,2012-01-05
COST,2012-01-06
COST,2012-01-09
COST,2012-01-11
COST,2012-01-12
COST,2012-01-17
COST,2012-01-19
COST,2012-01-23
COST,2012-01-24
COST,2012-02-03
COST,2012-02-07
COST,2012-02-22
COST,2012-02-27
COST,2012-02-28
COST,2012-02-29
COST,2012-03-01
COST,2012-03-02
COST,2012-03-12
COST,2012-03-14
COST,2012-03-27
COST,2012-04-09
COST,2012-04-11
COST,2012-04-12
COST,2012-04-13
COST,2012-04-16
COST,2012-04-17
COST,2012-04-24
COST,2012-04-26
COST,2012-04-27
COST,2012-05-01
COST,2012-05-04
COST,2012-05-07
COST,2012-05-10
COST,2012-05-15
COST,2012-05-16
COST,2012-05-21
COST,2012-05-22
COST,2012-05-24
COST,2012-06-14
COST,2012-06-15
COST,2012-06-18
COST,2012-06-25
COST,2012-06-26
COST,2012-08-06
COST,2012-08-07
COST,2012-08-13
COST,2012-08-14
COST,2012-08-22
COST,2012-08-23
COST,2012-08-28
COST,2012-08-30
COST,2012-08-31
COST,2012-09-07
COST,2012-09-10
COST,2012-09-12
COST,2012-09-14
COST,2012-09-17
COST,2012-09-19
COST,2012-09-20
COST,2012-09-24
COST,2012-09-27
COST,2012-10-02
COST,2012-10-04
COST,2012-10-08
COST,2012-10-09
COST,2012-10-10
COST,2012-10-11
COST,2012-10-15
COST,2012-10-16
COST,2012-10-17
COST,2012-10-22
COST,2012-10-26
COST,2012-10-30
COST,2012-11-01
COST,2012-11-05
COST,2012-11-12
COST,2012-11-15
COST,2012-11-19
COST,2012-11-21
COST,2012-11-26
COST,2012-11-27
COST,2012-11-28
COST,2012-11-29
COST,2012-11-30
COST,2012-12-03
COST,2012-12-04
COST,2012-12-05
COST,2012-12-07
COST,2012-12-10
COST,2012-12-11
COST,2012-12-12
COST,2012-12-13
COST,2012-12-14
COST,2012-12-20
COST,2012-12-24
COST,2012-12-26
COST,2012-12-28
COST,2012-12-31
COST,2013-01-07
COST,2013-01-09
COST,2013-01-10
COST,2013-01-25
COST,2013-01-30
COST,2013-02-01
COST,2013-02-06
COST,2013-02-11
COST,2013-02-13
COST,2013-02-14
COST,2013-02-15
COST,2013-02-20
COST,2013-02-26
COST,2013-02-27
COST,2013-03-04
COST,2013-03-07
COST,2013-03-08
COST,2013-03-11
COST,2013-03-12
COST,2013-03-13
COST,2013-03-14
COST,2013-03-18
COST,2013-03-25
COST,2013-03-27
COST,2013-03-28
COST,2013-04-01
COST,2013-04-08
COST,2013-04-09
COST,2013-04-10
COST,2013-04-11
COST,2013-04-12
COST,2013-04-15
COST,2013-04-16
COST,2013-04-17
COST,2013-04-23
COST,2013-04-25
COST,2013-05-06
COST,2013-05-07
COST,2013-05-08
COST,2013-05-09
COST,2013-05-10
COST,2013-05-14
COST,2013-05-15
COST,2013-05-16
COST,2013-05-17
COST,2013-05-20
COST,2013-05-22
COST,2013-05-24
COST,2013-05-26
COST,2013-05-28
COST,2013-05-29
COST,2013-05-30
COST,2013-05-31
COST,2013-06-06
COST,2013-06-07
COST,2013-06-10
COST,2013-06-12
COST,2013-06-21
COST,2013-06-25
COST,2013-06-27
COST,2013-07-11
COST,2013-07-12
COST,2013-07-24
COST,2013-08-06
COST,2013-08-08
COST,2013-08-12
COST,2013-08-13
COST,2013-08-21
COST,2013-08-27
COST,2013-08-28
COST,2013-09-03
COST,2013-09-05
COST,2013-09-06
COST,2013-09-09
COST,2013-09-16
COST,2013-09-17
COST,2013-09-20
COST,2013-09-25
COST,2013-09-26
COST,2013-10-04
COST,2013-10-07
COST,2013-10-08
COST,2013-10-09
COST,2013-10-10
COST,2013-10-15
COST,2013-10-18
COST,2013-10-24
COST,2013-10-25
COST,2013-10-28
COST,2013-11-07
COST,2013-11-08
COST,2013-11-11
COST,2013-11-12
COST,2013-11-15
COST,2013-11-21
COST,2013-11-29
COST,2013-12-02
COST,2013-12-03
COST,2013-12-05
COST,2013-12-06
COST,2013-12-09
COST,2013-12-10
COST,2013-12-11
COST,2013-12-12
COST,2013-12-13
COST,2013-12-16
COST,2013-12-17
COST,2013-12-18
COST,2013-12-19
COST,2013-12-26
COST,2014-01-09
COST,2014-01-10
COST,2014-01-13
COST,2014-01-14
COST,2014-01-15
COST,2014-01-22
COST,2014-01-31
COST,2014-02-06
COST,2014-02-07
COST,2014-02-10
COST,2014-02-11
COST,2014-02-12
COST,2014-02-13
COST,2014-02-19
COST,2014-02-21
COST,2014-02-24
COST,2014-02-26
COST,2014-02-28
COST,2014-03-03
COST,2014-03-05
COST,2014-03-06
COST,2014-03-07
COST,2014-03-13
COST,2014-03-17
COST,2014-03-18
COST,2014-03-24
COST,2014-03-28
COST,2014-04-01
COST,2014-04-08
COST,2014-04-10
COST,2014-04-14
COST,2014-04-25
COST,2014-04-30
COST,2014-05-01
COST,2014-05-02
COST,2014-05-06
COST,2014-05-08
COST,2014-05-12
COST,2014-05-13
COST,2014-05-16
COST,2014-05-19
COST,2014-05-21
COST,2014-05-27
COST,2014-05-28
COST,2014-05-29
COST,2014-05-30
COST,2014-06-02
COST,2014-06-05
COST,2014-06-06
COST,2014-06-09
COST,2014-06-10
COST,2014-06-12
COST,2014-06-19
COST,2014-06-24
COST,2014-06-25
COST,2014-06-27
COST,2014-07-03
COST,2014-07-08
COST,2014-07-10
COST,2014-07-11
COST,2014-07-14
COST,2014-07-15
COST,2014-07-16
COST,2014-07-17
COST,2014-07-18
COST,2014-07-22
COST,2014-08-05
COST,2014-08-07
COST,2014-08-08
COST,2014-08-09
COST,2014-08-11
COST,2014-08-12
COST,2014-08-14
COST,2014-08-15
COST,2014-08-19
COST,2014-08-20
COST,2014-08-21
COST,2014-08-22
COST,2014-08-25
COST,2014-08-26
COST,2014-08-27
COST,2014-08-31
COST,2014-09-02
COST,2014-09-04
COST,2014-09-05
COST,2014-09-06
COST,2014-09-07
COST,2014-09-08
COST,2014-09-09
COST,2014-09-10
COST,2014-09-12
COST,2014-09-15
COST,2014-09-16
COST,2014-09-18
COST,2014-09-22
COST,2014-09-23
COST,2014-09-24
COST,2014-09-25
COST,2014-09-26
COST,2014-09-28
COST,2014-09-30
COST,2014-10-01
COST,2014-10-02
COST,2014-10-03
COST,2014-10-04
COST,2014-10-06
COST,2014-10-07
COST,2014-10-08
COST,2014-10-09
COST,2014-10-10
COST,2014-10-13
COST,2014-10-14
COST,2014-10-15
COST,2014-10-16
COST,2014-10-23
COST,2014-10-24
COST,2014-10-25
COST,2014-10-29
COST,2014-10-31
COST,2014-11-03
COST,2014-11-05
COST,2014-11-06
COST,2014-11-07
COST,2014-11-10
COST,2014-11-11
COST,2014-11-12
COST,2014-11-13
COST,2014-11-17
COST,2014-11-18
COST,2014-11-19
COST,2014-11-23
COST,2014-11-24
COST,2014-11-28
COST,2014-12-01
COST,2014-12-02
COST,2014-12-03
COST,2014-12-04
COST,2014-12-05
COST,2014-12-08
COST,2014-12-09
COST,2014-12-10
COST,2014-12-11
COST,2014-12-13
COST,2014-12-15
COST,2014-12-16
COST,2014-12-19
COST,2014-12-22
COST,2014-12-24
COST,2014-12-26
COST,2015-01-02
COST,2015-01-03
COST,2015-01-05
COST,2015-01-06
COST,2015-01-08
COST,2015-01-11
COST,2015-01-12
COST,2015-01-13
COST,2015-01-15
COST,2015-01-17
COST,2015-01-19
COST,2015-01-21
COST,2015-01-22
COST,2015-01-27
COST,2015-01-28
COST,2015-02-02
COST,2015-02-03
COST,2015-02-04
COST,2015-02-05
COST,2015-02-06
COST,2015-02-07
COST,2015-02-09
COST,2015-02-10
COST,2015-02-11
COST,2015-02-12
COST,2015-02-13
COST,2015-02-15
COST,2015-02-16
COST,2015-02-18
COST,2015-02-20
COST,2015-02-21
COST,2015-02-22
COST,2015-02-23
COST,2015-02-24
COST,2015-02-25
COST,2015-02-26
COST,2015-02-27
COST,2015-03-01
COST,2015-03-02
COST,2015-03-03
COST,2015-03-04
COST,2015-03-05
COST,2015-03-06
COST,2015-03-08
COST,2015-03-10
COST,2015-03-11
COST,2015-03-12
COST,2015-03-15
COST,2015-03-16
COST,2015-03-17
COST,2015-03-20
COST,2015-03-22
COST,2015-03-24
COST,2015-03-27
COST,2015-03-31
COST,2015-04-02
COST,2015-04-03
COST,2015-04-05
COST,2015-04-06
COST,2015-04-07
COST,2015-04-08
COST,2015-04-09
COST,2015-04-10
COST,2015-04-11
COST,2015-04-12
COST,2015-04-13
COST,2015-04-14
COST,2015-04-15
COST,2015-04-16
COST,2015-04-17
COST,2015-04-20
COST,2015-04-21
COST,2015-04-22
COST,2015-04-23
COST,2015-04-25
COST,2015-04-26
COST,2015-04-27
COST,2015-04-28
COST,2015-04-29
COST,2015-04-30
COST,2015-05-01
COST,2015-05-02
COST,2015-05-04
COST,2015-05-05
COST,2015-05-07
COST,2015-05-11
COST,2015-05-12
COST,2015-05-13
COST,2015-05-17
COST,2015-05-18
COST,2015-05-20
COST,2015-05-21
COST,2015-05-22
COST,2015-05-24
COST,2015-05-25
COST,2015-05-26
COST,2015-05-27
COST,2015-05-28
COST,2015-05-29
COST,2015-05-30
COST,2015-05-31
COST,2015-06-01
COST,2015-06-02
COST,2015-06-03
COST,2015-06-04
COST,2015-06-05
COST,2015-06-07
COST,2015-06-08
COST,2015-06-09
COST,2015-06-10
COST,2015-06-13
COST,2015-06-14
COST,2015-06-15
COST,2015-06-17
COST,2015-06-18
COST,2015-06-20
COST,2015-06-22
COST,2015-07-01
COST,2015-07-02
COST,2015-07-05
COST,2015-07-06
COST,2015-07-07
COST,2015-07-08
COST,2015-07-09
COST,2015-07-10
COST,2015-07-13
COST,2015-07-14
COST,2015-07-16
COST,2015-07-21
COST,2015-07-22
COST,2015-07-25
COST,2015-07-26
COST,2015-07-27
COST,2015-07-28
COST,2015-07-30
COST,2015-08-03
COST,2015-08-04
COST,2015-08-06
COST,2015-08-07
COST,2015-08-10
COST,2015-08-11
COST,2015-08-12
COST,2015-08-13
COST,2015-08-15
COST,2015-08-17
COST,2015-08-19
COST,2015-08-20
COST,2015-08-25
COST,2015-08-27
COST,2015-08-31
COST,2015-09-02
COST,2015-09-03
COST,2015-09-04
COST,2015-09-07
COST,2015-09-08
COST,2015-09-09
COST,2015-09-10
COST,2015-09-11
COST,2015-09-14
COST,2015-09-15
COST,2015-09-16
COST,2015-09-17
COST,2015-09-21
COST,2015-09-22
COST,2015-09-23
COST,2015-09-24
COST,2015-09-27
COST,2015-09-28
COST,2015-09-29
COST,2015-09-30
COST,2015-10-01
COST,2015-10-02
COST,2015-10-03
COST,2015-10-05
COST,2015-10-08
COST,2015-10-09
COST,2015-10-10
COST,2015-10-11
COST,2015-10-12
COST,2015-10-13
COST,2015-10-15
COST,2015-10-19
COST,2015-10-20
COST,2015-10-21
COST,2015-10-25
COST,2015-10-28
COST,2015-10-30
COST,2015-11-02
COST,2015-11-03
COST,2015-11-08
COST,2015-11-09
COST,2015-11-10
COST,2015-11-11
COST,2015-11-13
COST,2015-11-15
COST,2015-11-16
COST,2015-11-17
COST,2015-11-18
COST,2015-11-19
COST,2015-11-20
COST,2015-11-21
COST,2015-11-23
COST,2015-11-24
COST,2015-11-25
COST,2015-11-30
COST,2015-12-01
COST,2015-12-02
COST,2015-12-03
COST,2015-12-04
COST,2015-12-07
COST,2015-12-08
COST,2015-12-09
COST,2015-12-10
COST,2015-12-12
COST,2015-12-13
COST,2015-12-14
COST,2015-12-15
COST,2015-12-16
COST,2015-12-18
COST,2015-12-20
COST,2015-12-21
COST,2015-12-22
COST,2015-12-23
COST,2015-12-26
COST,2015-12-28
COST,2016-01-01
COST,2016-01-04
COST,2016-01-05
COST,2016-01-06
COST,2016-01-09
COST,2016-01-11
COST,2016-01-12
COST,2016-01-13
COST,2016-01-15
COST,2016-01-19
COST,2016-01-20
COST,2016-01-21
COST,2016-01-23
COST,2016-01-25
COST,2016-01-27
COST,2016-01-28
COST,2016-01-31
COST,2016-02-01
COST,2016-02-02
COST,2016-02-04
COST,2016-02-07
COST,2016-02-08
COST,2016-02-09
COST,2016-02-11
COST,2016-02-17
COST,2016-02-18
COST,2016-02-19
COST,2016-02-21
COST,2016-02-22
COST,2016-02-24
COST,2016-02-25
COST,2016-02-26
COST,2016-02-27
COST,2016-02-28
COST,2016-02-29
COST,2016-03-01
COST,2016-03-02
COST,2016-03-03
COST,2016-03-04
COST,2016-03-06
COST,2016-03-07
COST,2016-03-08
COST,2016-03-09
COST,2016-03-10
COST,2016-03-11
COST,2016-03-14
COST,2016-03-15
COST,2016-03-17
COST,2016-03-18
COST,2016-03-19
COST,2016-03-20
COST,2016-03-23
COST,2016-03-24
COST,2016-03-25
COST,2016-03-28
COST,2016-03-29
COST,2016-03-30
COST,2016-04-01
COST,2016-04-02
COST,2016-04-04
COST,2016-04-05
COST,2016-04-06
COST,2016-04-07
COST,2016-04-08
COST,2016-04-09
COST,2016-04-10
COST,2016-04-11
COST,2016-04-12
COST,2016-04-13
COST,2016-04-15
COST,2016-04-18
COST,2016-04-19
COST,2016-04-20
COST,2016-04-25
COST,2016-04-26
COST,2016-04-27
COST,2016-04-30
COST,2016-05-01
COST,2016-05-03
COST,2016-05-04
COST,2016-05-05
COST,2016-05-06
COST,2016-05-09
COST,2016-05-10
COST,2016-05-13
COST,2016-05-18
COST,2016-05-19
COST,2016-05-20
COST,2016-05-21
COST,2016-05-22
COST,2016-05-23
COST,2016-05-24
COST,2016-05-25
COST,2016-05-26
COST,2016-05-27
COST,2016-05-30
COST,2016-06-01
COST,2016-06-02
COST,2016-06-03
COST,2016-06-04
COST,2016-06-05
COST,2016-06-06
COST,2016-06-07
COST,2016-06-09
COST,2016-06-10
COST,2016-06-11
COST,2016-06-12
COST,2016-06-13
COST,2016-06-15
COST,2016-06-16
COST,2016-06-17
COST,2016-06-19
COST,2016-06-20
COST,2016-06-21
COST,2016-06-22
COST,2016-06-23
COST,2016-06-24
COST,2016-06-25
COST,2016-06-26
COST,2016-06-27
COST,2016-06-28
COST,2016-06-29
COST,2016-06-30
COST,2016-07-02
COST,2016-07-03
COST,2016-07-04
COST,2016-07-05
COST,2016-07-06
COST,2016-07-07
COST,2016-07-08
COST,2016-07-10
COST,2016-07-11
COST,2016-07-12
COST,2016-07-13
COST,2016-07-15
COST,2016-07-18
COST,2016-07-20
COST,2016-07-22
COST,2016-07-25
COST,2016-07-26
COST,2016-07-28
COST,2016-08-01
COST,2016-08-02
COST,2016-08-03
COST,2016-08-08
COST,2016-08-09
COST,2016-08-10
COST,2016-08-11
COST,2016-08-12
COST,2016-08-13
COST,2016-08-15
COST,2016-08-16
COST,2016-08-17
COST,2016-08-18
COST,2016-08-19
COST,2016-08-20
COST,2016-08-22
COST,2016-08-23
COST,2016-08-25
COST,2016-08-26
COST,2016-08-27
COST,2016-08-29
COST,2016-08-30
COST,2016-08-31
COST,2016-09-01
COST,2016-09-02
COST,2016-09-03
COST,2016-09-05
COST,2016-09-06
COST,2016-09-07
COST,2016-09-08
COST,2016-09-09
COST,2016-09-12
COST,2016-09-13
COST,2016-09-14
COST,2016-09-15
COST,2016-09-18
COST,2016-09-19
COST,2016-09-20
COST,2016-09-21
COST,2016-09-22
COST,2016-09-23
COST,2016-09-24
COST,2016-09-28
COST,2016-09-29
COST,2016-09-30
COST,2016-10-02
COST,2016-10-03
COST,2016-10-04
COST,2016-10-05
COST,2016-10-06
COST,2016-10-07
COST,2016-10-10
COST,2016-10-11
COST,2016-10-12
COST,2016-10-13
COST,2016-10-15
COST,2016-10-17
COST,2016-10-18
COST,2016-10-19
COST,2016-10-24
COST,2016-10-26
COST,2016-10-27
COST,2016-10-28
COST,2016-10-29
COST,2016-10-31
COST,2016-11-04
COST,2016-11-05
COST,2016-11-06
COST,2016-11-07
COST,2016-11-11
COST,2016-11-14
COST,2016-11-15
COST,2016-11-16
COST,2016-11-17
COST,2016-11-18
COST,2016-11-19
COST,2016-11-21
COST,2016-11-22
COST,2016-11-28
COST,2016-11-29
COST,2016-11-30
COST,2016-12-06
COST,2016-12-07
COST,2016-12-08
COST,2016-12-09
COST,2016-12-12
COST,2016-12-13
COST,2016-12-16
COST,2016-12-19
COST,2016-12-20
COST,2016-12-21
COST,2016-12-23
COST,2016-12-25
COST,2016-12-27
COST,2016-12-28
COST,2016-12-29
COST,2016-12-30
COST,2017-01-01
COST,2017-01-03
COST,2017-01-04
COST,2017-01-05
COST,2017-01-06
COST,2017-01-09
COST,2017-01-10
COST,2017-01-11
COST,2017-01-12
COST,2017-01-13
COST,2017-01-16
COST,2017-01-17
COST,2017-01-18
COST,2017-01-19
COST,2017-01-20
COST,2017-01-22
COST,2017-01-23
COST,2017-01-25
COST,2017-01-26
COST,2017-01-27
COST,2017-01-28
COST,2017-01-29
COST,2017-01-30
COST,2017-01-31
COST,2017-02-02
COST,2017-02-03
COST,2017-02-06
COST,2017-02-07
COST,2017-02-08
COST,2017-02-09
COST,2017-02-10
COST,2017-02-13
COST,2017-02-14
COST,2017-02-15
COST,2017-02-16
COST,2017-02-17
COST,2017-02-21
COST,2017-02-22
COST,2017-02-23
COST,2017-02-24
COST,2017-02-27
COST,2017-02-28
COST,2017-03-01
COST,2017-03-02
COST,2017-03-03
COST,2017-03-05
COST,2017-03-06
COST,2017-03-07
COST,2017-03-08
COST,2017-03-09
COST,2017-03-10
COST,2017-03-11
COST,2017-03-12
COST,2017-03-13
COST,2017-03-14
COST,2017-03-15
COST,2017-03-16
COST,2017-03-17
COST,2017-03-18
COST,2017-03-19
COST,2017-03-20
COST,2017-03-21
COST,2017-03-22
COST,2017-03-24
COST,2017-03-25
COST,2017-03-27
COST,2017-03-28
COST,2017-03-31
COST,2017-04-01
COST,2017-04-03
COST,2017-04-04
COST,2017-04-05
COST,2017-04-06
COST,2017-04-10
COST,2017-04-11
COST,2017-04-12
COST,2017-04-14
COST,2017-04-15
COST,2017-04-16
COST,2017-04-18
COST,2017-04-19
COST,2017-04-20
COST,2017-04-21
COST,2017-04-24
COST,2017-04-25
COST,2017-04-26
COST,2017-04-27
COST,2017-04-28
COST,2017-05-01
COST,2017-05-02
COST,2017-05-04
COST,2017-05-05
COST,2017-05-08
COST,2017-05-09
COST,2017-05-10
COST,2017-05-12
COST,2017-05-14
COST,2017-05-15
COST,2017-05-17
COST,2017-05-19
COST,2017-05-20
COST,2017-05-21
COST,2017-05-22
COST,2017-05-23
COST,2017-05-24
COST,2017-05-25
COST,2017-05-26
COST,2017-05-30
COST,2017-06-01
COST,2017-06-02
COST,2017-06-05
COST,2017-06-06
COST,2017-06-08
COST,2017-06-09
COST,2017-06-11
COST,2017-06-12
COST,2017-06-13
COST,2017-06-15
COST,2017-06-16
COST,2017-06-19
COST,2017-06-20
COST,2017-06-21
COST,2017-06-22
COST,2017-06-23
COST,2017-06-24
COST,2017-06-26
COST,2017-06-27
COST,2017-06-28
COST,2017-06-29
COST,2017-06-30
COST,2017-07-01
COST,2017-07-05
COST,2017-07-06
COST,2017-07-07
COST,2017-07-09
COST,2017-07-11
COST,2017-07-12
COST,2017-07-14
COST,2017-07-17
COST,2017-07-18
COST,2017-07-20
COST,2017-07-21
COST,2017-07-22
COST,2017-07-23
COST,2017-07-24
COST,2017-07-25
COST,2017-07-26
COST,2017-07-28
COST,2017-07-30
COST,2017-07-31
COST,2017-08-01
COST,2017-08-02
COST,2017-08-03
COST,2017-08-04
COST,2017-08-06
COST,2017-08-07
COST,2017-08-08
COST,2017-08-10
COST,2017-08-11
COST,2017-08-14
COST,2017-08-15
COST,2017-08-16
COST,2017-08-17
COST,2017-08-21
COST,2017-08-23
COST,2017-08-25
COST,2017-08-26
COST,2017-08-28
COST,2017-08-29
COST,2017-08-30
COST,2017-08-31
COST,2017-09-01
COST,2017-09-02
COST,2017-09-04
COST,2017-09-05
COST,2017-09-06
COST,2017-09-07
COST,2017-09-08
COST,2017-09-10
COST,2017-09-11
COST,2017-09-12
COST,2017-09-13
COST,2017-09-14
COST,2017-09-15
COST,2017-09-17
COST,2017-09-18
COST,2017-09-19
COST,2017-09-21
COST,2017-09-22
COST,2017-09-25
COST,2017-09-26
COST,2017-09-27
COST,2017-09-29
COST,2017-09-30
COST,2017-10-01
COST,2017-10-02
COST,2017-10-03
COST,2017-10-04
COST,2017-10-05
COST,2017-10-06
COST,2017-10-08
COST,2017-10-09
COST,2017-10-10
COST,2017-10-11
COST,2017-10-12
COST,2017-10-13
COST,2017-10-15
COST,2017-10-16
COST,2017-10-17
COST,2017-10-18
COST,2017-10-19
COST,2017-10-20
COST,2017-10-22
COST,2017-10-24
COST,2017-10-25
COST,2017-10-26
COST,2017-10-27
COST,2017-10-30
COST,2017-10-31
COST,2017-11-01
COST,2017-11-02
COST,2017-11-03
COST,2017-11-04
COST,2017-11-06
COST,2017-11-09
COST,2017-11-11
COST,2017-11-13
COST,2017-11-14
COST,2017-11-15
COST,2017-11-16
COST,2017-11-17
COST,2017-11-19
COST,2017-11-20
COST,2017-11-21
COST,2017-11-22
COST,2017-11-27
COST,2017-11-29
COST,2017-11-30
COST,2017-12-01
COST,2017-12-03
COST,2017-12-04
COST,2017-12-05
COST,2017-12-06
COST,2017-12-07
COST,2017-12-08
COST,2017-12-09
COST,2017-12-11
COST,2017-12-12
COST,2017-12-13
COST,2017-12-14
COST,2017-12-15
COST,2017-12-16
COST,2017-12-18
COST,2017-12-19
COST,2017-12-20
COST,2017-12-21
COST,2017-12-24
COST,2017-12-26
COST,2017-12-27
COST,2017-12-28
COST,2017-12-29
COST,2017-12-30
COST,2017-12-31
COST,2018-01-02
COST,2018-01-03
COST,2018-01-04
COST,2018-01-05
COST,2018-01-07
COST,2018-01-08
COST,2018-01-10
COST,2018-01-11
COST,2018-01-15
COST,2018-01-16
COST,2018-01-17
COST,2018-01-18
COST,2018-01-19
COST,2018-01-20
COST,2018-01-21
COST,2018-01-22
COST,2018-01-23
COST,2018-01-24
COST,2018-01-25
COST,2018-01-26
COST,2018-01-29
COST,2018-01-31
COST,2018-02-04
COST,2018-02-05
COST,2018-02-06
COST,2018-02-09
COST,2018-02-12
COST,2018-02-13
COST,2018-02-14
COST,2018-02-15
COST,2018-02-16
COST,2018-02-17
COST,2018-02-19
COST,2018-02-21
COST,2018-02-22
COST,2018-02-23
COST,2018-02-27
COST,2018-03-01
COST,2018-03-02
COST,2018-03-03
COST,2018-03-04
COST,2018-03-05
COST,2018-03-06
COST,2018-03-07
COST,2018-03-08
COST,2018-03-09
COST,2018-03-10
COST,2018-03-12
COST,2018-03-13
COST,2018-03-15
COST,2018-03-16
COST,2018-03-19
COST,2018-03-22
COST,2018-03-27
COST,2018-03-29
COST,2018-03-30
COST,2018-04-03
COST,2018-04-04
COST,2018-04-05
COST,2018-04-06
COST,2018-04-09
COST,2018-04-10
COST,2018-04-12
COST,2018-04-13
COST,2018-04-16
COST,2018-04-17
COST,2018-04-18
COST,2018-04-19
COST,2018-04-20
COST,2018-04-21
COST,2018-04-23
COST,2018-04-24
COST,2018-04-25
COST,2018-04-26
COST,2018-04-30
COST,2018-05-01
COST,2018-05-02
COST,2018-05-03
COST,2018-05-04
COST,2018-05-07
COST,2018-05-08
COST,2018-05-09
COST,2018-05-10
COST,2018-05-11
COST,2018-05-14
COST,2018-05-15
COST,2018-05-16
COST,2018-05-17
COST,2018-05-18
COST,2018-05-20
COST,2018-05-21
COST,2018-05-25
COST,2018-05-27
COST,2018-05-28
COST,2018-05-29
COST,2018-05-31
COST,2018-06-01
COST,2018-06-03
COST,2018-06-04
COST,2018-06-05
COST,2018-06-06
COST,2018-06-07
COST,2018-06-08
COST,2018-06-11
COST,2018-06-12
COST,2018-06-13
COST,2018-06-14
COST,2018-06-15
COST,2018-06-16
COST,2018-06-18
COST,2018-06-19
COST,2018-06-20
COST,2018-06-22
COST,2018-06-24
COST,2018-06-25
COST,2018-06-27
COST,2018-06-28
COST,2018-06-29
COST,2018-07-01
COST,2018-07-02
COST,2018-07-05
COST,2018-07-06
COST,2018-07-11
COST,2018-07-12
COST,2018-07-13
COST,2018-07-14
COST,2018-07-15
COST,2018-07-16
COST,2018-07-17
COST,2018-07-18
COST,2018-07-19
COST,2018-07-20
COST,2018-07-23
COST,2018-07-24
COST,2018-07-25
COST,2018-07-26
COST,2018-07-30
COST,2018-07-31
COST,2018-08-01
COST,2018-08-03
COST,2018-08-06
COST,2018-08-07
COST,2018-08-08
COST,2018-08-09
COST,2018-08-10
COST,2018-08-13
COST,2018-08-15
COST,2018-08-16
COST,2018-08-18
COST,2018-08-20
COST,2018-08-21
COST,2018-08-23
COST,2018-08-26
COST,2018-08-28
COST,2018-08-29
COST,2018-08-30
COST,2018-08-31
COST,2018-09-04
COST,2018-09-05
COST,2018-09-07
COST,2018-09-10
COST,2018-09-11
COST,2018-09-12
COST,2018-09-13
COST,2018-09-14
COST,2018-09-17
COST,2018-09-18
COST,2018-09-20
COST,2018-09-21
COST,2018-09-23
COST,2018-09-24
COST,2018-09-25
COST,2018-09-26
COST,2018-09-27
COST,2018-09-28
COST,2018-09-29
COST,2018-09-30
COST,2018-10-01
COST,2018-10-02
COST,2018-10-03
COST,2018-10-04
COST,2018-10-05
COST,2018-10-08
COST,2018-10-09
COST,2018-10-10
COST,2018-10-11
COST,2018-10-12
COST,2018-10-15
COST,2018-10-16
COST,2018-10-18
COST,2018-10-19
COST,2018-10-25
COST,2018-10-26
COST,2018-10-29
COST,2018-10-30
COST,2018-11-03
COST,2018-11-05
COST,2018-11-06
COST,2018-11-07
COST,2018-11-08
COST,2018-11-09
COST,2018-11-10
COST,2018-11-11
COST,2018-11-12
COST,2018-11-13
COST,2018-11-15
COST,2018-11-18
COST,2018-11-19
COST,2018-11-20
COST,2018-11-21
COST,2018-11-22
COST,2018-11-26
COST,2018-11-27
COST,2018-11-28
COST,2018-11-29
COST,2018-11-30
COST,2018-12-01
COST,2018-12-03
COST,2018-12-04
COST,2018-12-05
COST,2018-12-06
COST,2018-12-07
COST,2018-12-08
COST,2018-12-09
COST,2018-12-10
COST,2018-12-11
COST,2018-12-12
COST,2018-12-13
COST,2018-12-14
COST,2018-12-15
COST,2018-12-16
COST,2018-12-17
COST,2018-12-18
COST,2018-12-20
COST,2018-12-24
COST,2018-12-26
COST,2018-12-27
COST,2018-12-28
COST,2018-12-29
COST,2018-12-30
COST,2018-12-31
COST,2019-01-04
COST,2019-01-05
COST,2019-01-06
COST,2019-01-07
COST,2019-01-09
COST,2019-01-10
COST,2019-01-11
COST,2019-01-16
COST,2019-01-17
COST,2019-01-18
COST,2019-01-20
COST,2019-01-21
COST,2019-01-24
COST,2019-01-25
COST,2019-01-28
COST,2019-01-29
COST,2019-02-01
COST,2019-02-04
COST,2019-02-05
COST,2019-02-06
COST,2019-02-07
COST,2019-02-11
COST,2019-02-12
COST,2019-02-13
COST,2019-02-15
COST,2019-02-18
COST,2019-02-19
COST,2019-02-20
COST,2019-02-21
COST,2019-02-25
COST,2019-02-26
COST,2019-02-28
COST,2019-03-01
COST,2019-03-03
COST,2019-03-04
COST,2019-03-05
COST,2019-03-06
COST,2019-03-07
COST,2019-03-08
COST,2019-03-09
COST,2019-03-11
COST,2019-03-12
COST,2019-03-13
COST,2019-03-14
COST,2019-03-15
COST,2019-03-17
COST,2019-03-18
COST,2019-03-19
COST,2019-03-20
COST,2019-03-21
COST,2019-03-22
COST,2019-03-24
COST,2019-03-25
COST,2019-03-26
COST,2019-03-27
COST,2019-03-28
COST,2019-03-31
COST,2019-04-03
COST,2019-04-04
COST,2019-04-05
COST,2019-04-07
COST,2019-04-08
COST,2019-04-10
COST,2019-04-11
COST,2019-04-12
COST,2019-04-13
COST,2019-04-14
COST,2019-04-15
COST,2019-04-17
COST,2019-04-22
COST,2019-04-23
COST,2019-04-24
COST,2019-04-28
COST,2019-04-29
COST,2019-04-30
COST,2019-05-01
COST,2019-05-08
COST,2019-05-10
COST,2019-05-13
COST,2019-05-17
COST,2019-05-21
COST,2019-05-22
COST,2019-05-23
COST,2019-05-24
COST,2019-05-26
COST,2019-05-28
COST,2019-05-29
COST,2019-05-30
COST,2019-05-31
COST,2019-06-03
COST,2019-06-04
COST,2019-06-06
COST,2019-06-07
COST,2019-06-09
COST,2019-06-10
COST,2019-06-11
COST,2019-06-12
COST,2019-06-13
COST,2019-06-14
COST,2019-06-17
COST,2019-06-18
COST,2019-06-21
COST,2019-06-22
COST,2019-06-24
COST,2019-06-26
COST,2019-07-05
COST,2019-07-06
COST,2019-07-09
COST,2019-07-10
COST,2019-07-11
COST,2019-07-12
COST,2019-07-13
COST,2019-07-15
COST,2019-07-16
COST,2019-07-17
COST,2019-07-18
COST,2019-07-20
COST,2019-07-22
COST,2019-07-23
COST,2019-07-25
COST,2019-07-26
COST,2019-07-27
COST,2019-07-29
COST,2019-08-02
COST,2019-08-07
COST,2019-08-12
COST,2019-08-14
COST,2019-08-15
COST,2019-08-19
COST,2019-08-20
COST,2019-08-22
COST,2019-08-23
COST,2019-08-24
COST,2019-08-25
COST,2019-08-26
COST,2019-08-27
COST,2019-08-28
COST,2019-08-29
COST,2019-08-30
COST,2019-09-02
COST,2019-09-03
COST,2019-09-04
COST,2019-09-06
COST,2019-09-09
COST,2019-09-11
COST,2019-09-12
COST,2019-09-16
COST,2019-09-17
COST,2019-09-19
COST,2019-09-22
COST,2019-09-26
COST,2019-09-27
COST,2019-09-28
COST,2019-09-29
COST,2019-09-30
COST,2019-10-01
COST,2019-10-02
COST,2019-10-03
COST,2019-10-04
COST,2019-10-07
COST,2019-10-08
COST,2019-10-09
COST,2019-10-10
COST,2019-10-11
COST,2019-10-13
COST,2019-10-14
COST,2019-10-15
COST,2019-10-16
COST,2019-10-17
COST,2019-10-18
COST,2019-10-21
COST,2019-10-23
COST,2019-10-24
COST,2019-10-25
COST,2019-10-26
COST,2019-10-28
COST,2019-10-29
COST,2019-10-30
COST,2019-10-31
COST,2019-11-01
COST,2019-11-03
COST,2019-11-04
COST,2019-11-06
COST,2019-11-07
COST,2019-11-08
COST,2019-11-10
COST,2019-11-12
COST,2019-11-14
COST,2019-11-18
COST,2019-11-19
COST,2019-11-21
COST,2019-11-22
COST,2019-11-26
COST,2019-11-27
COST,2019-11-29
COST,2019-12-02
COST,2019-12-03
COST,2019-12-09
COST,2019-12-10
COST,2019-12-11
COST,2019-12-12
COST,2019-12-13
COST,2019-12-16
COST,2019-12-17
COST,2019-12-19
COST,2019-12-20
COST,2019-12-21
COST,2019-12-23
COST,2019-12-25
COST,2019-12-26
COST,2019-12-30
COST,2019-12-31
COST,2020-01-02
COST,2020-01-06
COST,2020-01-07
COST,2020-01-08
COST,2020-01-09
COST,2020-01-10
COST,2020-01-11
COST,2020-01-13
COST,2020-01-14
COST,2020-01-15
COST,2020-01-16
COST,2020-01-17
COST,2020-01-19
COST,2020-01-20
COST,2020-01-21
COST,2020-01-22
COST,2020-01-24
COST,2020-01-28
COST,2020-01-31
COST,2020-02-03
COST,2020-02-04
COST,2020-02-05
COST,2020-02-08
COST,2020-02-13
COST,2020-02-15
COST,2020-02-16
COST,2020-02-17
COST,2020-02-18
COST,2020-02-20
COST,2020-02-23
COST,2020-02-25
COST,2020-02-27
COST,2020-02-28
COST,2020-02-29
COST,2020-03-01
COST,2020-03-02
COST,2020-03-03
COST,2020-03-04
COST,2020-03-05
COST,2020-03-06
COST,2020-03-07
COST,2020-03-09
COST,2020-03-10
COST,2020-03-12
COST,2020-03-13
COST,2020-03-14
COST,2020-03-16
COST,2020-03-17
COST,2020-03-18
COST,2020-03-19
COST,2020-03-20
COST,2020-03-22
COST,2020-03-23
COST,2020-03-24
COST,2020-03-25
COST,2020-03-26
COST,2020-03-27
COST,2020-03-28
COST,2020-03-30
COST,2020-03-31
COST,2020-04-01
COST,2020-04-02
COST,2020-04-03
COST,2020-04-05
COST,2020-04-06
COST,2020-04-08
COST,2020-04-09
COST,2020-04-10
COST,2020-04-11
COST,2020-04-12
COST,2020-04-13
COST,2020-04-14
COST,2020-04-15
COST,2020-04-16
COST,2020-04-17
COST,2020-04-18
COST,2020-04-19
COST,2020-04-20
COST,2020-04-21
COST,2020-04-22
COST,2020-04-23
COST,2020-04-24
COST,2020-04-25
COST,2020-04-26
COST,2020-04-30
COST,2020-05-01
COST,2020-05-02
COST,2020-05-03
COST,2020-05-04
COST,2020-05-05
COST,2020-05-06
COST,2020-05-07
COST,2020-05-08
COST,2020-05-10
COST,2020-05-11
COST,2020-05-12
COST,2020-05-13
COST,2020-05-14
COST,2020-05-15
COST,2020-05-16
COST,2020-05-18
COST,2020-05-19
COST,2020-05-20
COST,2020-05-21
COST,2020-05-22
COST,2020-05-23
COST,2020-05-24
COST,2020-05-26
COST,2020-05-27
COST,2020-05-28
COST,2020-05-29
COST,2020-06-01
COST,2020-06-02
COST,2020-06-03
COST,2020-06-04
COST,2020-06-05
COST,2020-06-06
COST,2020-06-07
COST,2020-06-08
COST,2020-06-09
COST,2020-06-10
COST,2020-06-11
COST,2020-06-12
COST,2020-06-13
COST,2020-06-15
COST,2020-06-16
COST,2020-06-18
COST,2020-06-19
COST,2020-06-20
COST,2020-06-21
COST,2020-06-22
COST,2020-06-23
COST,2020-06-24
COST,2020-06-25
COST,2020-06-26
COST,2020-06-29
COST,2020-06-30
COST,2020-07-01
COST,2020-07-02
COST,2020-07-03
COST,2020-07-05
COST,2020-07-07
COST,2020-07-08
COST,2020-07-09
COST,2020-07-10
COST,2020-07-11
COST,2020-07-12
COST,2020-07-13
COST,2020-07-14
COST,2020-07-15
COST,2020-07-16
COST,2020-07-17
COST,2020-07-21
COST,2020-07-22
COST,2020-07-23
COST,2020-07-24
COST,2020-07-29
COST,2020-07-30
COST,2020-08-03
COST,2020-08-04
COST,2020-08-05
COST,2020-08-06
COST,2020-08-07
COST,2020-08-08
COST,2020-08-10
COST,2020-08-11
COST,2020-08-12
COST,2020-08-13
COST,2020-08-14
COST,2020-08-15
COST,2020-08-16
COST,2020-08-17
COST,2020-08-18
COST,2020-08-19
COST,2020-08-20
COST,2020-08-21
COST,2020-08-22
COST,2020-08-24
COST,2020-08-25
COST,2020-08-27
COST,2020-08-28
COST,2020-09-01
COST,2020-09-03
COST,2020-09-05
COST,2020-09-06
COST,2020-09-07
COST,2020-09-08
COST,2020-09-10
COST,2020-09-12
COST,2020-09-16
COST,2020-09-17
COST,2020-09-18
COST,2020-09-19
COST,2020-09-20
COST,2020-09-21
COST,2020-09-22
COST,2020-09-24
COST,2020-09-25
COST,2020-09-27
COST,2020-09-28
COST,2020-09-29
COST,2020-09-30
COST,2020-10-02
COST,2020-10-03
COST,2020-10-04
COST,2020-10-05
COST,2020-10-09
COST,2020-10-10
COST,2020-10-12
COST,2020-10-14
COST,2020-10-16
COST,2020-10-18
COST,2020-10-19
COST,2020-10-20
COST,2020-10-25
COST,2020-10-26
COST,2020-10-27
COST,2020-10-28
COST,2020-10-29
COST,2020-10-30
COST,2020-10-31
COST,2020-11-02
COST,2020-11-03
COST,2020-11-04
COST,2020-11-05
COST,2020-11-06
COST,2020-11-07
COST,2020-11-08
COST,2020-11-10
COST,2020-11-11
COST,2020-11-12
COST,2020-11-13
COST,2020-11-16
COST,2020-11-17
COST,2020-11-18
COST,2020-11-19
COST,2020-11-20
COST,2020-11-21
COST,2020-11-22
COST,2020-11-23
COST,2020-11-24
COST,2020-11-25
COST,2020-11-27
COST,2020-11-30
COST,2020-12-01
COST,2020-12-03
COST,2020-12-04
COST,2020-12-05
COST,2020-12-06
COST,2020-12-07
COST,2020-12-08
COST,2020-12-09
COST,2020-12-10
COST,2020-12-11
COST,2020-12-13
COST,2020-12-14
COST,2020-12-15
COST,2020-12-16
COST,2020-12-18
COST,2020-12-19
COST,2020-12-21
COST,2020-12-22
COST,2020-12-23
COST,2020-12-24
COST,2020-12-26
COST,2020-12-27
COST,2020-12-29
COST,2020-12-30
COST,2020-12-31
COST,2021-01-01
COST,2021-01-02
COST,2021-01-04
COST,2021-01-05
COST,2021-01-06
COST,2021-01-07
COST,2021-01-08
COST,2021-01-10
COST,2021-01-11
COST,2021-01-12
COST,2021-01-13
COST,2021-01-14
COST,2021-01-15
COST,2021-01-18
COST,2021-01-19
COST,2021-01-20
COST,2021-01-22
COST,2021-01-23
COST,2021-01-25
COST,2021-01-26
COST,2021-01-29
COST,2021-02-01
COST,2021-02-02
COST,2021-02-03
COST,2021-02-04
COST,2021-02-06
COST,2021-02-09
COST,2021-02-10
COST,2021-02-11
COST,2021-02-15
COST,2021-02-16
COST,2021-02-17
COST,2021-02-18
COST,2021-02-20
COST,2021-02-23
COST,2021-02-24
COST,2021-02-25
COST,2021-02-26
COST,2021-02-27
COST,2021-02-28
COST,2021-03-01
COST,2021-03-02
COST,2021-03-03
COST,2021-03-04
COST,2021-03-05
COST,2021-03-08
COST,2021-03-09
COST,2021-03-10
COST,2021-03-11
COST,2021-03-12
COST,2021-03-14
COST,2021-03-16
COST,2021-03-17
COST,2021-03-18
COST,2021-03-19
COST,2021-03-21
COST,2021-03-25
COST,2021-03-26
COST,2021-03-27
COST,2021-03-28
COST,2021-03-29
COST,2021-03-31
COST,2021-04-02
COST,2021-04-04
COST,2021-04-05
COST,2021-04-06
COST,2021-04-08
COST,2021-04-09
COST,2021-04-11
COST,2021-04-12
COST,2021-04-13
COST,2021-04-14
COST,2021-04-15
COST,2021-04-16
COST,2021-04-19
COST,2021-04-21
COST,2021-04-22
COST,2021-04-23
COST,2021-04-24
COST,2021-04-27
COST,2021-04-28
COST,2021-04-29
COST,2021-04-30
COST,2021-05-03
COST,2021-05-06
COST,2021-05-07
COST,2021-05-08
COST,2021-05-10
COST,2021-05-11
COST,2021-05-12
COST,2021-05-14
COST,2021-05-15
COST,2021-05-17
COST,2021-05-18
COST,2021-05-19
COST,2021-05-20
COST,2021-05-21
COST,2021-05-23
COST,2021-05-24
COST,2021-05-25
COST,2021-05-26
COST,2021-05-27
COST,2021-05-28
COST,2021-05-30
COST,2021-05-31
COST,2021-06-02
COST,2021-06-03
COST,2021-06-05
COST,2021-06-06
COST,2021-06-07
COST,2021-06-08
COST,2021-06-09
COST,2021-06-10
COST,2021-06-11
COST,2021-06-12
COST,2021-06-14
COST,2021-06-15
COST,2021-06-18
COST,2021-06-20
COST,2021-06-21
COST,2021-06-22
COST,2021-06-23
COST,2021-06-24
COST,2021-06-25
COST,2021-06-28
COST,2021-06-29
COST,2021-06-30
COST,2021-07-01
COST,2021-07-03
COST,2021-07-04
COST,2021-07-07
COST,2021-07-08
COST,2021-07-09
COST,2021-07-10
COST,2021-07-11
COST,2021-07-12
COST,2021-07-14
COST,2021-07-15
COST,2021-07-16
COST,2021-07-19
COST,2021-07-20
COST,2021-07-22
COST,2021-07-24
COST,2021-07-26
COST,2021-07-28
COST,2021-07-29
COST,2021-07-30
COST,2021-07-31
COST,2021-08-02
COST,2021-08-03
COST,2021-08-04
COST,2021-08-05
COST,2021-08-06
COST,2021-08-08
COST,2021-08-09
COST,2021-08-10
COST,2021-08-13
COST,2021-08-16
COST,2021-08-17
COST,2021-08-19
COST,2021-08-21
COST,2021-08-23
COST,2021-08-24
COST,2021-08-26
COST,2021-08-27
COST,2021-08-29
COST,2021-08-30
COST,2021-08-31
COST,2021-09-01
COST,2021-09-02
COST,2021-09-03
COST,2021-09-07
COST,2021-09-09
COST,2021-09-10
COST,2021-09-11
COST,2021-09-13
COST,2021-09-14
COST,2021-09-15
COST,2021-09-16
COST,2021-09-17
COST,2021-09-19
COST,2021-09-20
COST,2021-09-21
COST,2021-09-22
COST,2021-09-23
COST,2021-09-24
COST,2021-09-25
COST,2021-09-26
COST,2021-09-27
COST,2021-09-28
COST,2021-09-29
COST,2021-09-30
COST,2021-10-01
COST,2021-10-03
COST,2021-10-06
COST,2021-10-07
COST,2021-10-08
COST,2021-10-12
COST,2021-10-13
COST,2021-10-14
COST,2021-10-15
COST,2021-10-16
COST,2021-10-17
COST,2021-10-21
COST,2021-10-22
COST,2021-10-23
COST,2021-10-24
COST,2021-10-25
COST,2021-10-26
COST,2021-10-27
COST,2021-10-28
COST,2021-10-29
COST,2021-11-02
COST,2021-11-04
COST,2021-11-07
COST,2021-11-09
COST,2021-11-11
COST,2021-11-12
COST,2021-11-14
COST,2021-11-15
COST,2021-11-16
COST,2021-11-17
COST,2021-11-18
COST,2021-11-19
COST,2021-11-22
COST,2021-11-23
COST,2021-11-24
COST,2021-11-30
COST,2021-12-01
COST,2021-12-02
COST,2021-12-03
COST,2021-12-04
COST,2021-12-05
COST,2021-12-06
COST,2021-12-07
COST,2021-12-08
COST,2021-12-09
COST,2021-12-10
COST,2021-12-12
COST,2021-12-13
COST,2021-12-14
COST,2021-12-15
COST,2021-12-16
COST,2021-12-17
COST,2021-12-20
COST,2021-12-21
COST,2021-12-22
COST,2021-12-23
COST,2021-12-25
COST,2021-12-27
COST,2021-12-28
COST,2021-12-29
COST,2021-12-30
COST,2022-01-03
COST,2022-01-04
COST,2022-01-06
COST,2022-01-07
COST,2022-01-08
COST,2022-01-09
COST,2022-01-10
COST,2022-01-12
COST,2022-01-13
COST,2022-01-14
COST,2022-01-15
COST,2022-01-17
COST,2022-01-18
COST,2022-01-19
COST,2022-01-20
COST,2022-01-21
COST,2022-01-22
COST,2022-01-24
COST,2022-01-25
COST,2022-01-26
COST,2022-01-27
COST,2022-01-28
COST,2022-01-31
COST,2022-02-01
COST,2022-02-02
COST,2022-02-03
COST,2022-02-04
COST,2022-02-07
COST,2022-02-08
COST,2022-02-09
COST,2022-02-10
COST,2022-02-11
COST,2022-02-14
COST,2022-02-15
COST,2022-02-16
COST,2022-02-17
COST,2022-02-18
COST,2022-02-21
COST,2022-02-22
COST,2022-02-23
COST,2022-02-24
COST,2022-02-25
COST,2022-02-28
COST,2022-03-01
COST,2022-03-02
COST,2022-03-03
COST,2022-03-04
COST,2022-03-05
COST,2022-03-07
COST,2022-03-08
COST,2022-03-09
COST,2022-03-10
COST,2022-03-11
COST,2022-03-12
COST,2022-03-13
COST,2022-03-14
COST,2022-03-15
COST,2022-03-16
COST,2022-03-17
COST,2022-03-18
COST,2022-03-19
COST,2022-03-21
COST,2022-03-22
COST,2022-03-23
COST,2022-03-24
COST,2022-03-25
COST,2022-03-28
COST,2022-03-29
COST,2022-03-30
COST,2022-03-31
COST,2022-04-01
COST,2022-04-03
COST,2022-04-04
COST,2022-04-05
COST,2022-04-06
COST,2022-04-07
COST,2022-04-08
COST,2022-04-11
COST,2022-04-12
COST,2022-04-13
COST,2022-04-14
COST,2022-04-16
COST,2022-04-17
COST,2022-04-18
COST,2022-04-19
COST,2022-04-20
COST,2022-04-21
COST,2022-04-22
COST,2022-04-23
COST,2022-04-25
COST,2022-04-26
COST,2022-04-27
COST,2022-04-28
COST,2022-04-29
COST,2022-04-30
COST,2022-05-02
COST,2022-05-03
COST,2022-05-04
COST,2022-05-05
COST,2022-05-06
COST,2022-05-08
COST,2022-05-09
COST,2022-05-10
COST,2022-05-11
COST,2022-05-12
COST,2022-05-13
COST,2022-05-14
COST,2022-05-15
COST,2022-05-16
COST,2022-05-17
COST,2022-05-18
COST,2022-05-19
COST,2022-05-20
COST,2022-05-21
COST,2022-05-23
COST,2022-05-24
COST,2022-05-25
COST,2022-05-26
COST,2022-05-27
COST,2022-05-29
COST,2022-05-30
COST,2022-05-31
COST,2022-06-02
COST,2022-06-03
COST,2022-06-04
COST,2022-06-06
COST,2022-06-07
COST,2022-06-08
COST,2022-06-09
COST,2022-06-10
COST,2022-06-11
COST,2022-06-13
COST,2022-06-14
COST,2022-06-15
COST,2022-06-16
COST,2022-06-17
COST,2022-06-18
COST,2022-06-19
COST,2022-06-20
COST,2022-06-21
COST,2022-06-22
COST,2022-06-23
COST,2022-06-24
COST,2022-06-25
COST,2022-06-27
COST,2022-06-29
COST,2022-06-30
COST,2022-07-01
COST,2022-07-02
COST,2022-07-04
COST,2022-07-05
COST,2022-07-06
COST,2022-07-07
COST,2022-07-08
COST,2022-07-10
COST,2022-07-11
COST,2022-07-12
COST,2022-07-14
COST,2022-07-15
COST,2022-07-18
COST,2022-07-19
COST,2022-07-20
COST,2022-07-21
COST,2022-07-22
COST,2022-07-23
COST,2022-07-25
COST,2022-07-26
COST,2022-07-27
COST,2022-07-28
COST,2022-07-29
COST,2022-07-31
COST,2022-08-01
COST,2022-08-02
COST,2022-08-03
COST,2022-08-04
COST,2022-08-05
COST,2022-08-06
COST,2022-08-07
COST,2022-08-08
COST,2022-08-09
COST,2022-08-10
COST,2022-08-11
COST,2022-08-12
COST,2022-08-14
COST,2022-08-15
COST,2022-08-16
COST,2022-08-17
COST,2022-08-18
COST,2022-08-19
COST,2022-08-20
COST,2022-08-21
COST,2022-08-22
COST,2022-08-23
COST,2022-08-24
COST,2022-08-25
COST,2022-08-26
COST,2022-08-27
COST,2022-08-29
COST,2022-08-30
COST,2022-08-31
COST,2022-09-01
COST,2022-09-02
COST,2022-09-05
COST,2022-09-06
COST,2022-09-07
COST,2022-09-08
COST,2022-09-09
COST,2022-09-10
COST,2022-09-11
COST,2022-09-12
COST,2022-09-13
COST,2022-09-14
COST,2022-09-15
COST,2022-09-16
COST,2022-09-17
COST,2022-09-18
COST,2022-09-19
COST,2022-09-20
COST,2022-09-21
COST,2022-09-22
COST,2022-09-23
COST,2022-09-24
COST,2022-09-25
COST,2022-09-26
COST,2022-09-27
COST,2022-09-28
COST,2022-09-29
COST,2022-09-30
COST,2022-10-01
COST,2022-10-03
COST,2022-10-04
COST,2022-10-05
COST,2022-10-06
COST,2022-10-07
COST,2022-10-09
COST,2022-10-10
COST,2022-10-11
COST,2022-10-12
COST,2022-10-13
COST,2022-10-14
COST,2022-10-15
COST,2022-10-16
COST,2022-10-17
COST,2022-10-18
COST,2022-10-19
COST,2022-10-20
COST,2022-10-21
COST,2022-10-22
COST,2022-10-24
COST,2022-10-25
COST,2022-10-26
COST,2022-10-27
COST,2022-10-28
COST,2022-10-30
COST,2022-10-31
COST,2022-11-01
COST,2022-11-02
COST,2022-11-04
COST,2022-11-06
COST,2022-11-07
COST,2022-11-09
COST,2022-11-10
COST,2022-11-11
COST,2022-11-12
COST,2022-11-14
COST,2022-11-15
COST,2022-11-16
COST,2022-11-18
COST,2022-11-21
COST,2022-11-22
COST,2022-11-23
COST,2022-11-24
COST,2022-11-25
COST,2022-11-26
COST,2022-11-28
COST,2022-11-29
COST,2022-11-30
COST,2022-12-01
COST,2022-12-02
COST,2022-12-03
COST,2022-12-04
COST,2022-12-05
COST,2022-12-06
COST,2022-12-07
COST,2022-12-08
COST,2022-12-09
COST,2022-12-10
COST,2022-12-11
COST,2022-12-12
COST,2022-12-13
COST,2022-12-14
COST,2022-12-15
COST,2022-12-16
COST,2022-12-17
COST,2022-12-18
COST,2022-12-19
COST,2022-12-20
COST,2022-12-21
COST,2022-12-22
COST,2022-12-23
COST,2022-12-24
COST,2022-12-26
COST,2022-12-27
COST,2022-12-28
COST,2022-12-29
COST,2022-12-30
COST,2023-01-01
COST,2023-01-03
COST,2023-01-04
COST,2023-01-06
COST,2023-01-09
COST,2023-01-10
COST,2023-01-11
COST,2023-01-12
COST,2023-01-13
COST,2023-01-14
COST,2023-01-15
COST,2023-01-17
COST,2023-01-18
COST,2023-01-19
COST,2023-01-20
COST,2023-01-22
COST,2023-01-23
COST,2023-01-24
COST,2023-01-25
COST,2023-01-26
COST,2023-01-27
COST,2023-01-28
COST,2023-01-29
COST,2023-01-30
COST,2023-01-31
COST,2023-02-01
COST,2023-02-02
COST,2023-02-04
COST,2023-02-05
COST,2023-02-06
COST,2023-02-07
COST,2023-02-08
COST,2023-02-10
COST,2023-02-11
COST,2023-02-12
COST,2023-02-13
COST,2023-02-14
COST,2023-02-15
COST,2023-02-16
COST,2023-02-17
COST,2023-02-18
COST,2023-02-19
COST,2023-02-20
COST,2023-02-21
COST,2023-02-22
COST,2023-02-23
COST,2023-02-24
COST,2023-02-25
COST,2023-02-27
COST,2023-02-28
COST,2023-03-01
COST,2023-03-02
COST,2023-03-03
COST,2023-03-04
COST,2023-03-05
COST,2023-03-06
COST,2023-03-07
COST,2023-03-08
COST,2023-03-09
COST,2023-03-10
COST,2023-03-11
COST,2023-03-13
COST,2023-03-14
COST,2023-03-15
COST,2023-03-16
COST,2023-03-17
COST,2023-03-20
COST,2023-03-21
COST,2023-03-22
COST,2023-03-23
COST,2023-03-24
COST,2023-03-27
COST,2023-03-28
COST,2023-03-29
COST,2023-03-30
COST,2023-03-31
COST,2023-04-01
COST,2023-04-03
COST,2023-04-04
COST,2023-04-05
COST,2023-04-06
COST,2023-04-07
COST,2023-04-10
COST,2023-04-11
COST,2023-04-12
COST,2023-04-13
COST,2023-04-14
COST,2023-04-15
COST,2023-04-17
COST,2023-04-19
COST,2023-04-20
COST,2023-04-21
COST,2023-04-22
COST,2023-04-23
COST,2023-04-24
COST,2023-04-25
COST,2023-04-26
COST,2023-04-27
COST,2023-04-28
COST,2023-04-30
COST,2023-05-01
COST,2023-05-02
COST,2023-05-03
COST,2023-05-04
COST,2023-05-05
COST,2023-05-06
COST,2023-05-08
COST,2023-05-10
COST,2023-05-11
COST,2023-05-12
COST,2023-05-14
COST,2023-05-15
COST,2023-05-16
COST,2023-05-17
COST,2023-05-18
COST,2023-05-19
COST,2023-05-22
COST,2023-05-23
COST,2023-05-24
COST,2023-05-25
COST,2023-05-26
COST,2023-05-27
COST,2023-05-28
COST,2023-05-29
COST,2023-05-30
COST,2023-05-31
COST,2023-06-01
COST,2023-06-02
COST,2023-06-03
COST,2023-06-04
COST,2023-06-05
COST,2023-06-06
COST,2023-06-07
COST,2023-06-08
COST,2023-06-09
COST,2023-06-10
COST,2023-06-11
COST,2023-06-12
COST,2023-06-13
COST,2023-06-14
COST,2023-06-15
COST,2023-06-16
COST,2023-06-18
COST,2023-06-20
COST,2023-06-21
COST,2023-06-22
COST,2023-06-23
COST,2023-06-24
COST,2023-06-25
COST,2023-06-26
COST,2023-06-27
COST,2023-06-28
COST,2023-06-29
COST,2023-06-30
COST,2023-07-01
COST,2023-07-02
COST,2023-07-03
COST,2023-07-04
COST,2023-07-05
COST,2023-07-06
COST,2023-07-07
COST,2023-07-08
COST,2023-07-10
COST,2023-07-11
COST,2023-07-12
COST,2023-07-13
COST,2023-07-14
COST,2023-07-16
COST,2023-07-18
COST,2023-07-19
COST,2023-07-20
COST,2023-07-21
COST,2023-07-23
COST,2023-07-24
COST,2023-07-25
COST,2023-07-26
COST,2023-07-27
COST,2023-07-28
COST,2023-07-29
COST,2023-07-30
COST,2023-07-31
COST,2023-08-01
COST,2023-08-02
COST,2023-08-03
COST,2023-08-04
COST,2023-08-05
COST,2023-08-07
COST,2023-08-08
COST,2023-08-09
COST,2023-08-10
COST,2023-08-11
COST,2023-08-12
COST,2023-08-13
COST,2023-08-14
COST,2023-08-15
COST,2023-08-16
COST,2023-08-17
COST,2023-08-18
COST,2023-08-20
COST,2023-08-21
COST,2023-08-22
COST,2023-08-23
COST,2023-08-24
COST,2023-08-25
COST,2023-08-26
COST,2023-08-28
COST,2023-08-29
COST,2023-08-30
COST,2023-08-31
COST,2023-09-01
COST,2023-09-03
COST,2023-09-04
COST,2023-09-05
COST,2023-09-06
COST,2023-09-07
COST,2023-09-08
COST,2023-09-09
COST,2023-09-11
COST,2023-09-12
COST,2023-09-13
COST,2023-09-14
COST,2023-09-15
COST,2023-09-16
COST,2023-09-17
COST,2023-09-18
COST,2023-09-19
COST,2023-09-20
COST,2023-09-21
COST,2023-09-22
COST,2023-09-24
COST,2023-09-25
COST,2023-09-26
COST,2023-09-27
COST,2023-09-28
COST,2023-09-29
COST,2023-09-30
COST,2023-10-01
COST,2023-10-02
COST,2023-10-04
COST,2023-10-05
COST,2023-10-06
COST,2023-10-07
COST,2023-10-09
COST,2023-10-10
COST,2023-10-11
COST,2023-10-12
COST,2023-10-13
COST,2023-10-14
COST,2023-10-15
COST,2023-10-16
COST,2023-10-17
COST,2023-10-18
COST,2023-10-19
COST,2023-10-20
COST,2023-10-21
COST,2023-10-22
COST,2023-10-23
COST,2023-10-24
COST,2023-10-25
COST,2023-10-26
COST,2023-10-27
COST,2023-10-28
COST,2023-10-29
COST,2023-10-30
COST,2023-10-31
COST,2023-11-01
COST,2023-11-02
COST,2023-11-03
COST,2023-11-06
COST,2023-11-07
COST,2023-11-08
COST,2023-11-09
COST,2023-11-10
COST,2023-11-12
COST,2023-11-13
COST,2023-11-14
COST,2023-11-15
COST,2023-11-16
COST,2023-11-17
COST,2023-11-18
COST,2023-11-19
COST,2023-11-20
COST,2023-11-21
COST,2023-11-22
COST,2023-11-23
COST,2023-11-24
COST,2023-11-26
COST,2023-11-27
COST,2023-11-28
COST,2023-11-29
COST,2023-11-30
COST,2023-12-01
COST,2023-12-02
COST,2023-12-03
COST,2023-12-04
COST,2023-12-05
COST,2023-12-06
COST,2023-12-07
COST,2023-12-08
COST,2023-12-10
COST,2023-12-11
COST,2023-12-12
COST,2023-12-13
COST,2023-12-14
COST,2023-12-15
COST,2023-12-16
COST,2024-12-19
COST,2024-12-20
COST,2024-12-21
COST,2024-12-22
COST,2024-12-23
COST,2024-12-24
COST,2024-12-25
COST,2024-12-26
COST,2024-12-27
COST,2024-12-28
COST,2024-12-29
COST,2024-12-30
COST,2024-12-31
COST,2025-01-01
COST,2025-01-02
COST,2025-01-03
COST,2025-01-04
COST,2025-01-05
COST,2025-01-06
COST,2025-01-07
COST,2025-01-08
COST,2025-01-09
COST,2025-01-10
COST,2025-01-11
COST,2025-01-12
COST,2025-01-13
COST,2025-01-14
COST,2025-01-15
COST,2025-01-16
COST,2025-01-17
COST,2025-01-18
COST,2025-01-19
COST,2025-01-20
COST,2025-01-21
COST,2025-01-22
COST,2025-01-23
COST,2025-01-24
COST,2025-01-25
COST,2025-01-26
COST,2025-01-27
COST,2025-01-28
COST,2025-01-29
COST,2025-01-30
COST,2025-01-31
COST,2025-02-01
COST,2025-02-02
COST,2025-02-03
COST,2025-02-04
COST,2025-02-05
COST,2025-02-06
COST,2025-02-07
COST,2025-02-08
COST,2025-02-09
COST,2025-02-10
COST,2025-02-11
COST,2025-02-12
COST,2025-02-13
COST,2025-02-14
COST,2025-02-15
COST,2025-02-16
COST,2025-02-17
COST,2025-02-18
COST,2025-02-19
COST,2025-02-20
COST,2025-02-21
COST,2025-02-23
COST,2025-02-24
COST,2025-02-25
COST,2025-02-26
COST,2025-02-27
COST,2025-02-28
COST,2025-03-01
COST,2025-03-02
COST,2025-03-03
COST,2025-03-04
COST,2025-03-05
COST,2025-03-06
COST,2025-03-07
COST,2025-03-09
COST,2025-03-10
COST,2025-03-11
COST,2025-03-12
COST,2025-03-13
COST,2025-03-14
COST,2025-03-15
COST,2025-03-16
COST,2025-03-17
COST,2025-03-18
COST,2025-03-19
COST,2025-03-20
COST,2025-03-21
COST,2025-03-23
COST,2025-03-24
COST,2025-03-25
COST,2025-03-26
COST,2025-03-27
COST,2025-03-28
COST,2025-03-30
COST,2025-03-31
COST,2025-04-01
COST,2025-04-02
COST,2025-04-03
COST,2025-04-04
COST,2025-04-05
COST,2025-04-06
COST,2025-04-07
COST,2025-04-08
COST,2025-04-09
COST,2025-04-10
COST,2025-04-11
COST,2025-04-12
COST,2025-04-13
COST,2025-04-14
COST,2025-04-15
COST,2025-04-16
COST,2025-04-17
COST,2025-04-18
COST,2025-04-20
COST,2025-04-21
